File_name,Tx_wave,Sample_name,Fixture_name,Sensor_PCB_name,TIA_PCB_name,Coupling_medium,Touch_surface,Criteria,Walls,Separation,Droplet,Acquisition_source,Tx_amplitude,Tx_DC,Tx_frequency_init,Tx_frequency_stop,Tx_pulses,Rx_DC,Surface_thickness,Coupling_thickness,Sampling_frequency,SensorPCB_name,Chip_name,Temperature
20240416_135254_square_gel_phone_case_notouch.csv,square,B6CSD,Fixt_Demo,DaughterBoard_Demo,Demo_Board,gel,phone_case,notouch,cut,no,no,Demo ADC,20,0,14,3.49,3,14,3,0,0.01,DB_Socket,B6_11,25
20240416_135256_square_gel_phone_case_notouch.csv,square,B6CSD,Fixt_Demo,DaughterBoard_Demo,Demo_Board,gel,phone_case,notouch,cut,no,no,Demo ADC,20,0,14,3.49,3,14,3,0,0.01,DB_Socket,B6_11,25
20240416_135258_square_gel_phone_case_notouch.csv,square,B6CSD,Fixt_Demo,DaughterBoard_Demo,Demo_Board,gel,phone_case,notouch,cut,no,no,Demo ADC,20,0,14,3.49,3,14,3,0,0.01,DB_Socket,B6_11,25
20240416_135300_square_gel_phone_case_notouch.csv,square,B6CSD,Fixt_Demo,DaughterBoard_Demo,Demo_Board,gel,phone_case,notouch,cut,no,no,Demo ADC,20,0,14,3.49,3,14,3,0,0.01,DB_Socket,B6_11,25
20240416_135302_square_gel_phone_case_notouch.csv,square,B6CSD,Fixt_Demo,DaughterBoard_Demo,Demo_Board,gel,phone_case,notouch,cut,no,no,Demo ADC,20,0,14,3.49,3,14,3,0,0.01,DB_Socket,B6_11,25
20240416_135304_square_gel_phone_case_notouch.csv,square,B6CSD,Fixt_Demo,DaughterBoard_Demo,Demo_Board,gel,phone_case,notouch,cut,no,no,Demo ADC,20,0,14,3.49,3,14,3,0,0.01,DB_Socket,B6_11,25
20240416_135306_square_gel_phone_case_notouch.csv,square,B6CSD,Fixt_Demo,DaughterBoard_Demo,Demo_Board,gel,phone_case,notouch,cut,no,no,Demo ADC,20,0,14,3.49,3,14,3,0,0.01,DB_Socket,B6_11,25
20240416_135309_square_gel_phone_case_notouch.csv,square,B6CSD,Fixt_Demo,DaughterBoard_Demo,Demo_Board,gel,phone_case,notouch,cut,no,no,Demo ADC,20,0,14,3.49,3,14,3,0,0.01,DB_Socket,B6_11,25
20240416_135311_square_gel_phone_case_notouch.csv,square,B6CSD,Fixt_Demo,DaughterBoard_Demo,Demo_Board,gel,phone_case,notouch,cut,no,no,Demo ADC,20,0,14,3.49,3,14,3,0,0.01,DB_Socket,B6_11,25
20240416_135313_square_gel_phone_case_notouch.csv,square,B6CSD,Fixt_Demo,DaughterBoard_Demo,Demo_Board,gel,phone_case,notouch,cut,no,no,Demo ADC,20,0,14,3.49,3,14,3,0,0.01,DB_Socket,B6_11,25
20240416_135315_square_gel_phone_case_notouch.csv,square,B6CSD,Fixt_Demo,DaughterBoard_Demo,Demo_Board,gel,phone_case,notouch,cut,no,no,Demo ADC,20,0,14,3.49,3,14,3,0,0.01,DB_Socket,B6_11,25
20240416_135317_square_gel_phone_case_notouch.csv,square,B6CSD,Fixt_Demo,DaughterBoard_Demo,Demo_Board,gel,phone_case,notouch,cut,no,no,Demo ADC,20,0,14,3.49,3,14,3,0,0.01,DB_Socket,B6_11,25
20240416_135319_square_gel_phone_case_notouch.csv,square,B6CSD,Fixt_Demo,DaughterBoard_Demo,Demo_Board,gel,phone_case,notouch,cut,no,no,Demo ADC,20,0,14,3.49,3,14,3,0,0.01,DB_Socket,B6_11,25
20240416_135321_square_gel_phone_case_notouch.csv,square,B6CSD,Fixt_Demo,DaughterBoard_Demo,Demo_Board,gel,phone_case,notouch,cut,no,no,Demo ADC,20,0,14,3.49,3,14,3,0,0.01,DB_Socket,B6_11,25
20240416_135323_square_gel_phone_case_notouch.csv,square,B6CSD,Fixt_Demo,DaughterBoard_Demo,Demo_Board,gel,phone_case,notouch,cut,no,no,Demo ADC,20,0,14,3.49,3,14,3,0,0.01,DB_Socket,B6_11,25
20240416_135325_square_gel_phone_case_notouch.csv,square,B6CSD,Fixt_Demo,DaughterBoard_Demo,Demo_Board,gel,phone_case,notouch,cut,no,no,Demo ADC,20,0,14,3.49,3,14,3,0,0.01,DB_Socket,B6_11,25
20240416_135328_square_gel_phone_case_notouch.csv,square,B6CSD,Fixt_Demo,DaughterBoard_Demo,Demo_Board,gel,phone_case,notouch,cut,no,no,Demo ADC,20,0,14,3.49,3,14,3,0,0.01,DB_Socket,B6_11,25
20240416_135330_square_gel_phone_case_notouch.csv,square,B6CSD,Fixt_Demo,DaughterBoard_Demo,Demo_Board,gel,phone_case,notouch,cut,no,no,Demo ADC,20,0,14,3.49,3,14,3,0,0.01,DB_Socket,B6_11,25
20240416_135332_square_gel_phone_case_notouch.csv,square,B6CSD,Fixt_Demo,DaughterBoard_Demo,Demo_Board,gel,phone_case,notouch,cut,no,no,Demo ADC,20,0,14,3.49,3,14,3,0,0.01,DB_Socket,B6_11,25
20240416_135334_square_gel_phone_case_notouch.csv,square,B6CSD,Fixt_Demo,DaughterBoard_Demo,Demo_Board,gel,phone_case,notouch,cut,no,no,Demo ADC,20,0,14,3.49,3,14,3,0,0.01,DB_Socket,B6_11,25
20240416_135336_square_gel_phone_case_notouch.csv,square,B6CSD,Fixt_Demo,DaughterBoard_Demo,Demo_Board,gel,phone_case,notouch,cut,no,no,Demo ADC,20,0,14,3.49,3,14,3,0,0.01,DB_Socket,B6_11,25
20240416_135338_square_gel_phone_case_notouch.csv,square,B6CSD,Fixt_Demo,DaughterBoard_Demo,Demo_Board,gel,phone_case,notouch,cut,no,no,Demo ADC,20,0,14,3.49,3,14,3,0,0.01,DB_Socket,B6_11,25
20240416_135340_square_gel_phone_case_notouch.csv,square,B6CSD,Fixt_Demo,DaughterBoard_Demo,Demo_Board,gel,phone_case,notouch,cut,no,no,Demo ADC,20,0,14,3.49,3,14,3,0,0.01,DB_Socket,B6_11,25
20240416_135342_square_gel_phone_case_notouch.csv,square,B6CSD,Fixt_Demo,DaughterBoard_Demo,Demo_Board,gel,phone_case,notouch,cut,no,no,Demo ADC,20,0,14,3.49,3,14,3,0,0.01,DB_Socket,B6_11,25
20240416_135345_square_gel_phone_case_notouch.csv,square,B6CSD,Fixt_Demo,DaughterBoard_Demo,Demo_Board,gel,phone_case,notouch,cut,no,no,Demo ADC,20,0,14,3.49,3,14,3,0,0.01,DB_Socket,B6_11,25
20240416_135347_square_gel_phone_case_notouch.csv,square,B6CSD,Fixt_Demo,DaughterBoard_Demo,Demo_Board,gel,phone_case,notouch,cut,no,no,Demo ADC,20,0,14,3.49,3,14,3,0,0.01,DB_Socket,B6_11,25
20240416_135349_square_gel_phone_case_notouch.csv,square,B6CSD,Fixt_Demo,DaughterBoard_Demo,Demo_Board,gel,phone_case,notouch,cut,no,no,Demo ADC,20,0,14,3.49,3,14,3,0,0.01,DB_Socket,B6_11,25
20240416_135351_square_gel_phone_case_notouch.csv,square,B6CSD,Fixt_Demo,DaughterBoard_Demo,Demo_Board,gel,phone_case,notouch,cut,no,no,Demo ADC,20,0,14,3.49,3,14,3,0,0.01,DB_Socket,B6_11,25
20240416_135353_square_gel_phone_case_notouch.csv,square,B6CSD,Fixt_Demo,DaughterBoard_Demo,Demo_Board,gel,phone_case,notouch,cut,no,no,Demo ADC,20,0,14,3.49,3,14,3,0,0.01,DB_Socket,B6_11,25
20240416_135355_square_gel_phone_case_notouch.csv,square,B6CSD,Fixt_Demo,DaughterBoard_Demo,Demo_Board,gel,phone_case,notouch,cut,no,no,Demo ADC,20,0,14,3.49,3,14,3,0,0.01,DB_Socket,B6_11,25
20240416_135357_square_gel_phone_case_notouch.csv,square,B6CSD,Fixt_Demo,DaughterBoard_Demo,Demo_Board,gel,phone_case,notouch,cut,no,no,Demo ADC,20,0,14,3.49,3,14,3,0,0.01,DB_Socket,B6_11,25
20240416_135359_square_gel_phone_case_notouch.csv,square,B6CSD,Fixt_Demo,DaughterBoard_Demo,Demo_Board,gel,phone_case,notouch,cut,no,no,Demo ADC,20,0,14,3.49,3,14,3,0,0.01,DB_Socket,B6_11,25
20240416_135401_square_gel_phone_case_notouch.csv,square,B6CSD,Fixt_Demo,DaughterBoard_Demo,Demo_Board,gel,phone_case,notouch,cut,no,no,Demo ADC,20,0,14,3.49,3,14,3,0,0.01,DB_Socket,B6_11,25
20240416_135404_square_gel_phone_case_notouch.csv,square,B6CSD,Fixt_Demo,DaughterBoard_Demo,Demo_Board,gel,phone_case,notouch,cut,no,no,Demo ADC,20,0,14,3.49,3,14,3,0,0.01,DB_Socket,B6_11,25
20240416_135406_square_gel_phone_case_notouch.csv,square,B6CSD,Fixt_Demo,DaughterBoard_Demo,Demo_Board,gel,phone_case,notouch,cut,no,no,Demo ADC,20,0,14,3.49,3,14,3,0,0.01,DB_Socket,B6_11,25
20240416_135408_square_gel_phone_case_notouch.csv,square,B6CSD,Fixt_Demo,DaughterBoard_Demo,Demo_Board,gel,phone_case,notouch,cut,no,no,Demo ADC,20,0,14,3.49,3,14,3,0,0.01,DB_Socket,B6_11,25
20240416_135410_square_gel_phone_case_notouch.csv,square,B6CSD,Fixt_Demo,DaughterBoard_Demo,Demo_Board,gel,phone_case,notouch,cut,no,no,Demo ADC,20,0,14,3.49,3,14,3,0,0.01,DB_Socket,B6_11,25
20240416_135412_square_gel_phone_case_notouch.csv,square,B6CSD,Fixt_Demo,DaughterBoard_Demo,Demo_Board,gel,phone_case,notouch,cut,no,no,Demo ADC,20,0,14,3.49,3,14,3,0,0.01,DB_Socket,B6_11,25
20240416_135414_square_gel_phone_case_notouch.csv,square,B6CSD,Fixt_Demo,DaughterBoard_Demo,Demo_Board,gel,phone_case,notouch,cut,no,no,Demo ADC,20,0,14,3.49,3,14,3,0,0.01,DB_Socket,B6_11,25
20240416_135416_square_gel_phone_case_notouch.csv,square,B6CSD,Fixt_Demo,DaughterBoard_Demo,Demo_Board,gel,phone_case,notouch,cut,no,no,Demo ADC,20,0,14,3.49,3,14,3,0,0.01,DB_Socket,B6_11,25
20240416_135418_square_gel_phone_case_notouch.csv,square,B6CSD,Fixt_Demo,DaughterBoard_Demo,Demo_Board,gel,phone_case,notouch,cut,no,no,Demo ADC,20,0,14,3.49,3,14,3,0,0.01,DB_Socket,B6_11,25
20240416_135420_square_gel_phone_case_notouch.csv,square,B6CSD,Fixt_Demo,DaughterBoard_Demo,Demo_Board,gel,phone_case,notouch,cut,no,no,Demo ADC,20,0,14,3.49,3,14,3,0,0.01,DB_Socket,B6_11,25
20240416_135423_square_gel_phone_case_notouch.csv,square,B6CSD,Fixt_Demo,DaughterBoard_Demo,Demo_Board,gel,phone_case,notouch,cut,no,no,Demo ADC,20,0,14,3.49,3,14,3,0,0.01,DB_Socket,B6_11,25
20240416_135425_square_gel_phone_case_notouch.csv,square,B6CSD,Fixt_Demo,DaughterBoard_Demo,Demo_Board,gel,phone_case,notouch,cut,no,no,Demo ADC,20,0,14,3.49,3,14,3,0,0.01,DB_Socket,B6_11,25
20240416_135427_square_gel_phone_case_notouch.csv,square,B6CSD,Fixt_Demo,DaughterBoard_Demo,Demo_Board,gel,phone_case,notouch,cut,no,no,Demo ADC,20,0,14,3.49,3,14,3,0,0.01,DB_Socket,B6_11,25
20240416_135429_square_gel_phone_case_notouch.csv,square,B6CSD,Fixt_Demo,DaughterBoard_Demo,Demo_Board,gel,phone_case,notouch,cut,no,no,Demo ADC,20,0,14,3.49,3,14,3,0,0.01,DB_Socket,B6_11,25
20240416_135431_square_gel_phone_case_notouch.csv,square,B6CSD,Fixt_Demo,DaughterBoard_Demo,Demo_Board,gel,phone_case,notouch,cut,no,no,Demo ADC,20,0,14,3.49,3,14,3,0,0.01,DB_Socket,B6_11,25
20240416_135433_square_gel_phone_case_notouch.csv,square,B6CSD,Fixt_Demo,DaughterBoard_Demo,Demo_Board,gel,phone_case,notouch,cut,no,no,Demo ADC,20,0,14,3.49,3,14,3,0,0.01,DB_Socket,B6_11,25
20240416_135435_square_gel_phone_case_notouch.csv,square,B6CSD,Fixt_Demo,DaughterBoard_Demo,Demo_Board,gel,phone_case,notouch,cut,no,no,Demo ADC,20,0,14,3.49,3,14,3,0,0.01,DB_Socket,B6_11,25
20240416_135437_square_gel_phone_case_notouch.csv,square,B6CSD,Fixt_Demo,DaughterBoard_Demo,Demo_Board,gel,phone_case,notouch,cut,no,no,Demo ADC,20,0,14,3.49,3,14,3,0,0.01,DB_Socket,B6_11,25
20240416_135439_square_gel_phone_case_notouch.csv,square,B6CSD,Fixt_Demo,DaughterBoard_Demo,Demo_Board,gel,phone_case,notouch,cut,no,no,Demo ADC,20,0,14,3.49,3,14,3,0,0.01,DB_Socket,B6_11,25
20240416_135442_square_gel_phone_case_notouch.csv,square,B6CSD,Fixt_Demo,DaughterBoard_Demo,Demo_Board,gel,phone_case,notouch,cut,no,no,Demo ADC,20,0,14,3.49,3,14,3,0,0.01,DB_Socket,B6_11,25
20240416_135444_square_gel_phone_case_notouch.csv,square,B6CSD,Fixt_Demo,DaughterBoard_Demo,Demo_Board,gel,phone_case,notouch,cut,no,no,Demo ADC,20,0,14,3.49,3,14,3,0,0.01,DB_Socket,B6_11,25
20240416_135446_square_gel_phone_case_notouch.csv,square,B6CSD,Fixt_Demo,DaughterBoard_Demo,Demo_Board,gel,phone_case,notouch,cut,no,no,Demo ADC,20,0,14,3.49,3,14,3,0,0.01,DB_Socket,B6_11,25
20240416_135448_square_gel_phone_case_notouch.csv,square,B6CSD,Fixt_Demo,DaughterBoard_Demo,Demo_Board,gel,phone_case,notouch,cut,no,no,Demo ADC,20,0,14,3.49,3,14,3,0,0.01,DB_Socket,B6_11,25
20240416_135450_square_gel_phone_case_notouch.csv,square,B6CSD,Fixt_Demo,DaughterBoard_Demo,Demo_Board,gel,phone_case,notouch,cut,no,no,Demo ADC,20,0,14,3.49,3,14,3,0,0.01,DB_Socket,B6_11,25
20240416_135452_square_gel_phone_case_notouch.csv,square,B6CSD,Fixt_Demo,DaughterBoard_Demo,Demo_Board,gel,phone_case,notouch,cut,no,no,Demo ADC,20,0,14,3.49,3,14,3,0,0.01,DB_Socket,B6_11,25
20240416_135454_square_gel_phone_case_notouch.csv,square,B6CSD,Fixt_Demo,DaughterBoard_Demo,Demo_Board,gel,phone_case,notouch,cut,no,no,Demo ADC,20,0,14,3.49,3,14,3,0,0.01,DB_Socket,B6_11,25
20240416_135456_square_gel_phone_case_notouch.csv,square,B6CSD,Fixt_Demo,DaughterBoard_Demo,Demo_Board,gel,phone_case,notouch,cut,no,no,Demo ADC,20,0,14,3.49,3,14,3,0,0.01,DB_Socket,B6_11,25
20240416_135458_square_gel_phone_case_notouch.csv,square,B6CSD,Fixt_Demo,DaughterBoard_Demo,Demo_Board,gel,phone_case,notouch,cut,no,no,Demo ADC,20,0,14,3.49,3,14,3,0,0.01,DB_Socket,B6_11,25
20240416_135501_square_gel_phone_case_notouch.csv,square,B6CSD,Fixt_Demo,DaughterBoard_Demo,Demo_Board,gel,phone_case,notouch,cut,no,no,Demo ADC,20,0,14,3.49,3,14,3,0,0.01,DB_Socket,B6_11,25
20240416_135503_square_gel_phone_case_notouch.csv,square,B6CSD,Fixt_Demo,DaughterBoard_Demo,Demo_Board,gel,phone_case,notouch,cut,no,no,Demo ADC,20,0,14,3.49,3,14,3,0,0.01,DB_Socket,B6_11,25
20240416_135505_square_gel_phone_case_notouch.csv,square,B6CSD,Fixt_Demo,DaughterBoard_Demo,Demo_Board,gel,phone_case,notouch,cut,no,no,Demo ADC,20,0,14,3.49,3,14,3,0,0.01,DB_Socket,B6_11,25
20240416_135507_square_gel_phone_case_notouch.csv,square,B6CSD,Fixt_Demo,DaughterBoard_Demo,Demo_Board,gel,phone_case,notouch,cut,no,no,Demo ADC,20,0,14,3.49,3,14,3,0,0.01,DB_Socket,B6_11,25
20240416_135510_square_gel_phone_case_notouch.csv,square,B6CSD,Fixt_Demo,DaughterBoard_Demo,Demo_Board,gel,phone_case,notouch,cut,no,no,Demo ADC,20,0,14,3.49,3,14,3,0,0.01,DB_Socket,B6_11,25
20240416_135512_square_gel_phone_case_notouch.csv,square,B6CSD,Fixt_Demo,DaughterBoard_Demo,Demo_Board,gel,phone_case,notouch,cut,no,no,Demo ADC,20,0,14,3.49,3,14,3,0,0.01,DB_Socket,B6_11,25
20240416_135514_square_gel_phone_case_notouch.csv,square,B6CSD,Fixt_Demo,DaughterBoard_Demo,Demo_Board,gel,phone_case,notouch,cut,no,no,Demo ADC,20,0,14,3.49,3,14,3,0,0.01,DB_Socket,B6_11,25
20240416_135516_square_gel_phone_case_notouch.csv,square,B6CSD,Fixt_Demo,DaughterBoard_Demo,Demo_Board,gel,phone_case,notouch,cut,no,no,Demo ADC,20,0,14,3.49,3,14,3,0,0.01,DB_Socket,B6_11,25
20240416_135518_square_gel_phone_case_notouch.csv,square,B6CSD,Fixt_Demo,DaughterBoard_Demo,Demo_Board,gel,phone_case,notouch,cut,no,no,Demo ADC,20,0,14,3.49,3,14,3,0,0.01,DB_Socket,B6_11,25
20240416_135520_square_gel_phone_case_notouch.csv,square,B6CSD,Fixt_Demo,DaughterBoard_Demo,Demo_Board,gel,phone_case,notouch,cut,no,no,Demo ADC,20,0,14,3.49,3,14,3,0,0.01,DB_Socket,B6_11,25
20240416_135522_square_gel_phone_case_notouch.csv,square,B6CSD,Fixt_Demo,DaughterBoard_Demo,Demo_Board,gel,phone_case,notouch,cut,no,no,Demo ADC,20,0,14,3.49,3,14,3,0,0.01,DB_Socket,B6_11,25
20240416_135525_square_gel_phone_case_notouch.csv,square,B6CSD,Fixt_Demo,DaughterBoard_Demo,Demo_Board,gel,phone_case,notouch,cut,no,no,Demo ADC,20,0,14,3.49,3,14,3,0,0.01,DB_Socket,B6_11,25
20240416_135527_square_gel_phone_case_notouch.csv,square,B6CSD,Fixt_Demo,DaughterBoard_Demo,Demo_Board,gel,phone_case,notouch,cut,no,no,Demo ADC,20,0,14,3.49,3,14,3,0,0.01,DB_Socket,B6_11,25
20240416_135529_square_gel_phone_case_notouch.csv,square,B6CSD,Fixt_Demo,DaughterBoard_Demo,Demo_Board,gel,phone_case,notouch,cut,no,no,Demo ADC,20,0,14,3.49,3,14,3,0,0.01,DB_Socket,B6_11,25
20240416_135531_square_gel_phone_case_notouch.csv,square,B6CSD,Fixt_Demo,DaughterBoard_Demo,Demo_Board,gel,phone_case,notouch,cut,no,no,Demo ADC,20,0,14,3.49,3,14,3,0,0.01,DB_Socket,B6_11,25
20240416_135533_square_gel_phone_case_notouch.csv,square,B6CSD,Fixt_Demo,DaughterBoard_Demo,Demo_Board,gel,phone_case,notouch,cut,no,no,Demo ADC,20,0,14,3.49,3,14,3,0,0.01,DB_Socket,B6_11,25
20240416_135535_square_gel_phone_case_notouch.csv,square,B6CSD,Fixt_Demo,DaughterBoard_Demo,Demo_Board,gel,phone_case,notouch,cut,no,no,Demo ADC,20,0,14,3.49,3,14,3,0,0.01,DB_Socket,B6_11,25
20240416_135538_square_gel_phone_case_notouch.csv,square,B6CSD,Fixt_Demo,DaughterBoard_Demo,Demo_Board,gel,phone_case,notouch,cut,no,no,Demo ADC,20,0,14,3.49,3,14,3,0,0.01,DB_Socket,B6_11,25
20240416_135540_square_gel_phone_case_notouch.csv,square,B6CSD,Fixt_Demo,DaughterBoard_Demo,Demo_Board,gel,phone_case,notouch,cut,no,no,Demo ADC,20,0,14,3.49,3,14,3,0,0.01,DB_Socket,B6_11,25
20240416_135542_square_gel_phone_case_notouch.csv,square,B6CSD,Fixt_Demo,DaughterBoard_Demo,Demo_Board,gel,phone_case,notouch,cut,no,no,Demo ADC,20,0,14,3.49,3,14,3,0,0.01,DB_Socket,B6_11,25
20240416_135544_square_gel_phone_case_notouch.csv,square,B6CSD,Fixt_Demo,DaughterBoard_Demo,Demo_Board,gel,phone_case,notouch,cut,no,no,Demo ADC,20,0,14,3.49,3,14,3,0,0.01,DB_Socket,B6_11,25
20240416_135546_square_gel_phone_case_notouch.csv,square,B6CSD,Fixt_Demo,DaughterBoard_Demo,Demo_Board,gel,phone_case,notouch,cut,no,no,Demo ADC,20,0,14,3.49,3,14,3,0,0.01,DB_Socket,B6_11,25
20240416_135548_square_gel_phone_case_notouch.csv,square,B6CSD,Fixt_Demo,DaughterBoard_Demo,Demo_Board,gel,phone_case,notouch,cut,no,no,Demo ADC,20,0,14,3.49,3,14,3,0,0.01,DB_Socket,B6_11,25
20240416_135550_square_gel_phone_case_notouch.csv,square,B6CSD,Fixt_Demo,DaughterBoard_Demo,Demo_Board,gel,phone_case,notouch,cut,no,no,Demo ADC,20,0,14,3.49,3,14,3,0,0.01,DB_Socket,B6_11,25
20240416_135552_square_gel_phone_case_notouch.csv,square,B6CSD,Fixt_Demo,DaughterBoard_Demo,Demo_Board,gel,phone_case,notouch,cut,no,no,Demo ADC,20,0,14,3.49,3,14,3,0,0.01,DB_Socket,B6_11,25
20240416_135554_square_gel_phone_case_notouch.csv,square,B6CSD,Fixt_Demo,DaughterBoard_Demo,Demo_Board,gel,phone_case,notouch,cut,no,no,Demo ADC,20,0,14,3.49,3,14,3,0,0.01,DB_Socket,B6_11,25
20240416_135557_square_gel_phone_case_notouch.csv,square,B6CSD,Fixt_Demo,DaughterBoard_Demo,Demo_Board,gel,phone_case,notouch,cut,no,no,Demo ADC,20,0,14,3.49,3,14,3,0,0.01,DB_Socket,B6_11,25
20240416_135559_square_gel_phone_case_notouch.csv,square,B6CSD,Fixt_Demo,DaughterBoard_Demo,Demo_Board,gel,phone_case,notouch,cut,no,no,Demo ADC,20,0,14,3.49,3,14,3,0,0.01,DB_Socket,B6_11,25
20240416_135601_square_gel_phone_case_notouch.csv,square,B6CSD,Fixt_Demo,DaughterBoard_Demo,Demo_Board,gel,phone_case,notouch,cut,no,no,Demo ADC,20,0,14,3.49,3,14,3,0,0.01,DB_Socket,B6_11,25
20240416_135603_square_gel_phone_case_notouch.csv,square,B6CSD,Fixt_Demo,DaughterBoard_Demo,Demo_Board,gel,phone_case,notouch,cut,no,no,Demo ADC,20,0,14,3.49,3,14,3,0,0.01,DB_Socket,B6_11,25
20240416_135605_square_gel_phone_case_notouch.csv,square,B6CSD,Fixt_Demo,DaughterBoard_Demo,Demo_Board,gel,phone_case,notouch,cut,no,no,Demo ADC,20,0,14,3.49,3,14,3,0,0.01,DB_Socket,B6_11,25
20240416_135607_square_gel_phone_case_notouch.csv,square,B6CSD,Fixt_Demo,DaughterBoard_Demo,Demo_Board,gel,phone_case,notouch,cut,no,no,Demo ADC,20,0,14,3.49,3,14,3,0,0.01,DB_Socket,B6_11,25
20240416_135609_square_gel_phone_case_notouch.csv,square,B6CSD,Fixt_Demo,DaughterBoard_Demo,Demo_Board,gel,phone_case,notouch,cut,no,no,Demo ADC,20,0,14,3.49,3,14,3,0,0.01,DB_Socket,B6_11,25
20240416_135611_square_gel_phone_case_notouch.csv,square,B6CSD,Fixt_Demo,DaughterBoard_Demo,Demo_Board,gel,phone_case,notouch,cut,no,no,Demo ADC,20,0,14,3.49,3,14,3,0,0.01,DB_Socket,B6_11,25
20240416_135613_square_gel_phone_case_notouch.csv,square,B6CSD,Fixt_Demo,DaughterBoard_Demo,Demo_Board,gel,phone_case,notouch,cut,no,no,Demo ADC,20,0,14,3.49,3,14,3,0,0.01,DB_Socket,B6_11,25
20240416_135616_square_gel_phone_case_notouch.csv,square,B6CSD,Fixt_Demo,DaughterBoard_Demo,Demo_Board,gel,phone_case,notouch,cut,no,no,Demo ADC,20,0,14,3.49,3,14,3,0,0.01,DB_Socket,B6_11,25
20240416_135618_square_gel_phone_case_notouch.csv,square,B6CSD,Fixt_Demo,DaughterBoard_Demo,Demo_Board,gel,phone_case,notouch,cut,no,no,Demo ADC,20,0,14,3.49,3,14,3,0,0.01,DB_Socket,B6_11,25
20240416_135620_square_gel_phone_case_notouch.csv,square,B6CSD,Fixt_Demo,DaughterBoard_Demo,Demo_Board,gel,phone_case,notouch,cut,no,no,Demo ADC,20,0,14,3.49,3,14,3,0,0.01,DB_Socket,B6_11,25
20240416_135622_square_gel_phone_case_notouch.csv,square,B6CSD,Fixt_Demo,DaughterBoard_Demo,Demo_Board,gel,phone_case,notouch,cut,no,no,Demo ADC,20,0,14,3.49,3,14,3,0,0.01,DB_Socket,B6_11,25
20240416_135624_square_gel_phone_case_notouch.csv,square,B6CSD,Fixt_Demo,DaughterBoard_Demo,Demo_Board,gel,phone_case,notouch,cut,no,no,Demo ADC,20,0,14,3.49,3,14,3,0,0.01,DB_Socket,B6_11,25
20240416_135626_square_gel_phone_case_notouch.csv,square,B6CSD,Fixt_Demo,DaughterBoard_Demo,Demo_Board,gel,phone_case,notouch,cut,no,no,Demo ADC,20,0,14,3.49,3,14,3,0,0.01,DB_Socket,B6_11,25
20240416_135628_square_gel_phone_case_notouch.csv,square,B6CSD,Fixt_Demo,DaughterBoard_Demo,Demo_Board,gel,phone_case,notouch,cut,no,no,Demo ADC,20,0,14,3.49,3,14,3,0,0.01,DB_Socket,B6_11,25
20240416_135630_square_gel_phone_case_notouch.csv,square,B6CSD,Fixt_Demo,DaughterBoard_Demo,Demo_Board,gel,phone_case,notouch,cut,no,no,Demo ADC,20,0,14,3.49,3,14,3,0,0.01,DB_Socket,B6_11,25
20240416_135632_square_gel_phone_case_notouch.csv,square,B6CSD,Fixt_Demo,DaughterBoard_Demo,Demo_Board,gel,phone_case,notouch,cut,no,no,Demo ADC,20,0,14,3.49,3,14,3,0,0.01,DB_Socket,B6_11,25
20240416_135635_square_gel_phone_case_notouch.csv,square,B6CSD,Fixt_Demo,DaughterBoard_Demo,Demo_Board,gel,phone_case,notouch,cut,no,no,Demo ADC,20,0,14,3.49,3,14,3,0,0.01,DB_Socket,B6_11,25
20240416_135637_square_gel_phone_case_notouch.csv,square,B6CSD,Fixt_Demo,DaughterBoard_Demo,Demo_Board,gel,phone_case,notouch,cut,no,no,Demo ADC,20,0,14,3.49,3,14,3,0,0.01,DB_Socket,B6_11,25
20240416_135639_square_gel_phone_case_notouch.csv,square,B6CSD,Fixt_Demo,DaughterBoard_Demo,Demo_Board,gel,phone_case,notouch,cut,no,no,Demo ADC,20,0,14,3.49,3,14,3,0,0.01,DB_Socket,B6_11,25
20240416_135641_square_gel_phone_case_notouch.csv,square,B6CSD,Fixt_Demo,DaughterBoard_Demo,Demo_Board,gel,phone_case,notouch,cut,no,no,Demo ADC,20,0,14,3.49,3,14,3,0,0.01,DB_Socket,B6_11,25
20240416_135643_square_gel_phone_case_notouch.csv,square,B6CSD,Fixt_Demo,DaughterBoard_Demo,Demo_Board,gel,phone_case,notouch,cut,no,no,Demo ADC,20,0,14,3.49,3,14,3,0,0.01,DB_Socket,B6_11,25
20240416_135645_square_gel_phone_case_notouch.csv,square,B6CSD,Fixt_Demo,DaughterBoard_Demo,Demo_Board,gel,phone_case,notouch,cut,no,no,Demo ADC,20,0,14,3.49,3,14,3,0,0.01,DB_Socket,B6_11,25
20240416_135647_square_gel_phone_case_notouch.csv,square,B6CSD,Fixt_Demo,DaughterBoard_Demo,Demo_Board,gel,phone_case,notouch,cut,no,no,Demo ADC,20,0,14,3.49,3,14,3,0,0.01,DB_Socket,B6_11,25
20240416_135649_square_gel_phone_case_notouch.csv,square,B6CSD,Fixt_Demo,DaughterBoard_Demo,Demo_Board,gel,phone_case,notouch,cut,no,no,Demo ADC,20,0,14,3.49,3,14,3,0,0.01,DB_Socket,B6_11,25
20240416_135651_square_gel_phone_case_notouch.csv,square,B6CSD,Fixt_Demo,DaughterBoard_Demo,Demo_Board,gel,phone_case,notouch,cut,no,no,Demo ADC,20,0,14,3.49,3,14,3,0,0.01,DB_Socket,B6_11,25
20240416_135653_square_gel_phone_case_notouch.csv,square,B6CSD,Fixt_Demo,DaughterBoard_Demo,Demo_Board,gel,phone_case,notouch,cut,no,no,Demo ADC,20,0,14,3.49,3,14,3,0,0.01,DB_Socket,B6_11,25
20240416_135656_square_gel_phone_case_notouch.csv,square,B6CSD,Fixt_Demo,DaughterBoard_Demo,Demo_Board,gel,phone_case,notouch,cut,no,no,Demo ADC,20,0,14,3.49,3,14,3,0,0.01,DB_Socket,B6_11,25
20240416_135658_square_gel_phone_case_notouch.csv,square,B6CSD,Fixt_Demo,DaughterBoard_Demo,Demo_Board,gel,phone_case,notouch,cut,no,no,Demo ADC,20,0,14,3.49,3,14,3,0,0.01,DB_Socket,B6_11,25
20240416_135700_square_gel_phone_case_notouch.csv,square,B6CSD,Fixt_Demo,DaughterBoard_Demo,Demo_Board,gel,phone_case,notouch,cut,no,no,Demo ADC,20,0,14,3.49,3,14,3,0,0.01,DB_Socket,B6_11,25
20240416_135702_square_gel_phone_case_notouch.csv,square,B6CSD,Fixt_Demo,DaughterBoard_Demo,Demo_Board,gel,phone_case,notouch,cut,no,no,Demo ADC,20,0,14,3.49,3,14,3,0,0.01,DB_Socket,B6_11,25
20240416_135704_square_gel_phone_case_notouch.csv,square,B6CSD,Fixt_Demo,DaughterBoard_Demo,Demo_Board,gel,phone_case,notouch,cut,no,no,Demo ADC,20,0,14,3.49,3,14,3,0,0.01,DB_Socket,B6_11,25
20240416_135706_square_gel_phone_case_notouch.csv,square,B6CSD,Fixt_Demo,DaughterBoard_Demo,Demo_Board,gel,phone_case,notouch,cut,no,no,Demo ADC,20,0,14,3.49,3,14,3,0,0.01,DB_Socket,B6_11,25
20240416_135708_square_gel_phone_case_notouch.csv,square,B6CSD,Fixt_Demo,DaughterBoard_Demo,Demo_Board,gel,phone_case,notouch,cut,no,no,Demo ADC,20,0,14,3.49,3,14,3,0,0.01,DB_Socket,B6_11,25
20240416_135710_square_gel_phone_case_notouch.csv,square,B6CSD,Fixt_Demo,DaughterBoard_Demo,Demo_Board,gel,phone_case,notouch,cut,no,no,Demo ADC,20,0,14,3.49,3,14,3,0,0.01,DB_Socket,B6_11,25
20240416_135712_square_gel_phone_case_notouch.csv,square,B6CSD,Fixt_Demo,DaughterBoard_Demo,Demo_Board,gel,phone_case,notouch,cut,no,no,Demo ADC,20,0,14,3.49,3,14,3,0,0.01,DB_Socket,B6_11,25
20240416_135715_square_gel_phone_case_notouch.csv,square,B6CSD,Fixt_Demo,DaughterBoard_Demo,Demo_Board,gel,phone_case,notouch,cut,no,no,Demo ADC,20,0,14,3.49,3,14,3,0,0.01,DB_Socket,B6_11,25
20240416_135717_square_gel_phone_case_notouch.csv,square,B6CSD,Fixt_Demo,DaughterBoard_Demo,Demo_Board,gel,phone_case,notouch,cut,no,no,Demo ADC,20,0,14,3.49,3,14,3,0,0.01,DB_Socket,B6_11,25
20240416_135719_square_gel_phone_case_notouch.csv,square,B6CSD,Fixt_Demo,DaughterBoard_Demo,Demo_Board,gel,phone_case,notouch,cut,no,no,Demo ADC,20,0,14,3.49,3,14,3,0,0.01,DB_Socket,B6_11,25
20240416_135721_square_gel_phone_case_notouch.csv,square,B6CSD,Fixt_Demo,DaughterBoard_Demo,Demo_Board,gel,phone_case,notouch,cut,no,no,Demo ADC,20,0,14,3.49,3,14,3,0,0.01,DB_Socket,B6_11,25
20240416_135723_square_gel_phone_case_notouch.csv,square,B6CSD,Fixt_Demo,DaughterBoard_Demo,Demo_Board,gel,phone_case,notouch,cut,no,no,Demo ADC,20,0,14,3.49,3,14,3,0,0.01,DB_Socket,B6_11,25
20240416_135725_square_gel_phone_case_notouch.csv,square,B6CSD,Fixt_Demo,DaughterBoard_Demo,Demo_Board,gel,phone_case,notouch,cut,no,no,Demo ADC,20,0,14,3.49,3,14,3,0,0.01,DB_Socket,B6_11,25
20240416_135727_square_gel_phone_case_notouch.csv,square,B6CSD,Fixt_Demo,DaughterBoard_Demo,Demo_Board,gel,phone_case,notouch,cut,no,no,Demo ADC,20,0,14,3.49,3,14,3,0,0.01,DB_Socket,B6_11,25
20240416_135729_square_gel_phone_case_notouch.csv,square,B6CSD,Fixt_Demo,DaughterBoard_Demo,Demo_Board,gel,phone_case,notouch,cut,no,no,Demo ADC,20,0,14,3.49,3,14,3,0,0.01,DB_Socket,B6_11,25
20240416_135732_square_gel_phone_case_notouch.csv,square,B6CSD,Fixt_Demo,DaughterBoard_Demo,Demo_Board,gel,phone_case,notouch,cut,no,no,Demo ADC,20,0,14,3.49,3,14,3,0,0.01,DB_Socket,B6_11,25
20240416_135734_square_gel_phone_case_notouch.csv,square,B6CSD,Fixt_Demo,DaughterBoard_Demo,Demo_Board,gel,phone_case,notouch,cut,no,no,Demo ADC,20,0,14,3.49,3,14,3,0,0.01,DB_Socket,B6_11,25
20240416_135736_square_gel_phone_case_notouch.csv,square,B6CSD,Fixt_Demo,DaughterBoard_Demo,Demo_Board,gel,phone_case,notouch,cut,no,no,Demo ADC,20,0,14,3.49,3,14,3,0,0.01,DB_Socket,B6_11,25
20240416_135738_square_gel_phone_case_notouch.csv,square,B6CSD,Fixt_Demo,DaughterBoard_Demo,Demo_Board,gel,phone_case,notouch,cut,no,no,Demo ADC,20,0,14,3.49,3,14,3,0,0.01,DB_Socket,B6_11,25
20240416_135740_square_gel_phone_case_notouch.csv,square,B6CSD,Fixt_Demo,DaughterBoard_Demo,Demo_Board,gel,phone_case,notouch,cut,no,no,Demo ADC,20,0,14,3.49,3,14,3,0,0.01,DB_Socket,B6_11,25
20240416_135742_square_gel_phone_case_notouch.csv,square,B6CSD,Fixt_Demo,DaughterBoard_Demo,Demo_Board,gel,phone_case,notouch,cut,no,no,Demo ADC,20,0,14,3.49,3,14,3,0,0.01,DB_Socket,B6_11,25
20240416_135744_square_gel_phone_case_notouch.csv,square,B6CSD,Fixt_Demo,DaughterBoard_Demo,Demo_Board,gel,phone_case,notouch,cut,no,no,Demo ADC,20,0,14,3.49,3,14,3,0,0.01,DB_Socket,B6_11,25
20240416_135746_square_gel_phone_case_notouch.csv,square,B6CSD,Fixt_Demo,DaughterBoard_Demo,Demo_Board,gel,phone_case,notouch,cut,no,no,Demo ADC,20,0,14,3.49,3,14,3,0,0.01,DB_Socket,B6_11,25
20240416_135748_square_gel_phone_case_notouch.csv,square,B6CSD,Fixt_Demo,DaughterBoard_Demo,Demo_Board,gel,phone_case,notouch,cut,no,no,Demo ADC,20,0,14,3.49,3,14,3,0,0.01,DB_Socket,B6_11,25
20240416_135750_square_gel_phone_case_notouch.csv,square,B6CSD,Fixt_Demo,DaughterBoard_Demo,Demo_Board,gel,phone_case,notouch,cut,no,no,Demo ADC,20,0,14,3.49,3,14,3,0,0.01,DB_Socket,B6_11,25
20240416_135753_square_gel_phone_case_notouch.csv,square,B6CSD,Fixt_Demo,DaughterBoard_Demo,Demo_Board,gel,phone_case,notouch,cut,no,no,Demo ADC,20,0,14,3.49,3,14,3,0,0.01,DB_Socket,B6_11,25
20240416_135755_square_gel_phone_case_notouch.csv,square,B6CSD,Fixt_Demo,DaughterBoard_Demo,Demo_Board,gel,phone_case,notouch,cut,no,no,Demo ADC,20,0,14,3.49,3,14,3,0,0.01,DB_Socket,B6_11,25
20240416_135757_square_gel_phone_case_notouch.csv,square,B6CSD,Fixt_Demo,DaughterBoard_Demo,Demo_Board,gel,phone_case,notouch,cut,no,no,Demo ADC,20,0,14,3.49,3,14,3,0,0.01,DB_Socket,B6_11,25
20240416_135759_square_gel_phone_case_notouch.csv,square,B6CSD,Fixt_Demo,DaughterBoard_Demo,Demo_Board,gel,phone_case,notouch,cut,no,no,Demo ADC,20,0,14,3.49,3,14,3,0,0.01,DB_Socket,B6_11,25
20240416_135801_square_gel_phone_case_notouch.csv,square,B6CSD,Fixt_Demo,DaughterBoard_Demo,Demo_Board,gel,phone_case,notouch,cut,no,no,Demo ADC,20,0,14,3.49,3,14,3,0,0.01,DB_Socket,B6_11,25
20240416_135803_square_gel_phone_case_notouch.csv,square,B6CSD,Fixt_Demo,DaughterBoard_Demo,Demo_Board,gel,phone_case,notouch,cut,no,no,Demo ADC,20,0,14,3.49,3,14,3,0,0.01,DB_Socket,B6_11,25
20240416_135805_square_gel_phone_case_notouch.csv,square,B6CSD,Fixt_Demo,DaughterBoard_Demo,Demo_Board,gel,phone_case,notouch,cut,no,no,Demo ADC,20,0,14,3.49,3,14,3,0,0.01,DB_Socket,B6_11,25
20240416_135807_square_gel_phone_case_notouch.csv,square,B6CSD,Fixt_Demo,DaughterBoard_Demo,Demo_Board,gel,phone_case,notouch,cut,no,no,Demo ADC,20,0,14,3.49,3,14,3,0,0.01,DB_Socket,B6_11,25
20240416_135809_square_gel_phone_case_notouch.csv,square,B6CSD,Fixt_Demo,DaughterBoard_Demo,Demo_Board,gel,phone_case,notouch,cut,no,no,Demo ADC,20,0,14,3.49,3,14,3,0,0.01,DB_Socket,B6_11,25
20240416_135836_square_gel_phone_case_light_touch.csv,square,B6CSD,Fixt_Demo,DaughterBoard_Demo,Demo_Board,gel,phone_case,light_touch,cut,no,no,Demo ADC,20,0,14,3.49,3,14,3,0,0.01,DB_Socket,B6_11,25
20240416_135838_square_gel_phone_case_light_touch.csv,square,B6CSD,Fixt_Demo,DaughterBoard_Demo,Demo_Board,gel,phone_case,light_touch,cut,no,no,Demo ADC,20,0,14,3.49,3,14,3,0,0.01,DB_Socket,B6_11,25
20240416_135840_square_gel_phone_case_light_touch.csv,square,B6CSD,Fixt_Demo,DaughterBoard_Demo,Demo_Board,gel,phone_case,light_touch,cut,no,no,Demo ADC,20,0,14,3.49,3,14,3,0,0.01,DB_Socket,B6_11,25
20240416_135843_square_gel_phone_case_light_touch.csv,square,B6CSD,Fixt_Demo,DaughterBoard_Demo,Demo_Board,gel,phone_case,light_touch,cut,no,no,Demo ADC,20,0,14,3.49,3,14,3,0,0.01,DB_Socket,B6_11,25
20240416_135845_square_gel_phone_case_light_touch.csv,square,B6CSD,Fixt_Demo,DaughterBoard_Demo,Demo_Board,gel,phone_case,light_touch,cut,no,no,Demo ADC,20,0,14,3.49,3,14,3,0,0.01,DB_Socket,B6_11,25
20240416_135847_square_gel_phone_case_light_touch.csv,square,B6CSD,Fixt_Demo,DaughterBoard_Demo,Demo_Board,gel,phone_case,light_touch,cut,no,no,Demo ADC,20,0,14,3.49,3,14,3,0,0.01,DB_Socket,B6_11,25
20240416_135849_square_gel_phone_case_light_touch.csv,square,B6CSD,Fixt_Demo,DaughterBoard_Demo,Demo_Board,gel,phone_case,light_touch,cut,no,no,Demo ADC,20,0,14,3.49,3,14,3,0,0.01,DB_Socket,B6_11,25
20240416_135852_square_gel_phone_case_light_touch.csv,square,B6CSD,Fixt_Demo,DaughterBoard_Demo,Demo_Board,gel,phone_case,light_touch,cut,no,no,Demo ADC,20,0,14,3.49,3,14,3,0,0.01,DB_Socket,B6_11,25
20240416_135854_square_gel_phone_case_light_touch.csv,square,B6CSD,Fixt_Demo,DaughterBoard_Demo,Demo_Board,gel,phone_case,light_touch,cut,no,no,Demo ADC,20,0,14,3.49,3,14,3,0,0.01,DB_Socket,B6_11,25
20240416_135856_square_gel_phone_case_light_touch.csv,square,B6CSD,Fixt_Demo,DaughterBoard_Demo,Demo_Board,gel,phone_case,light_touch,cut,no,no,Demo ADC,20,0,14,3.49,3,14,3,0,0.01,DB_Socket,B6_11,25
20240416_135858_square_gel_phone_case_light_touch.csv,square,B6CSD,Fixt_Demo,DaughterBoard_Demo,Demo_Board,gel,phone_case,light_touch,cut,no,no,Demo ADC,20,0,14,3.49,3,14,3,0,0.01,DB_Socket,B6_11,25
20240416_135900_square_gel_phone_case_light_touch.csv,square,B6CSD,Fixt_Demo,DaughterBoard_Demo,Demo_Board,gel,phone_case,light_touch,cut,no,no,Demo ADC,20,0,14,3.49,3,14,3,0,0.01,DB_Socket,B6_11,25
20240416_135902_square_gel_phone_case_light_touch.csv,square,B6CSD,Fixt_Demo,DaughterBoard_Demo,Demo_Board,gel,phone_case,light_touch,cut,no,no,Demo ADC,20,0,14,3.49,3,14,3,0,0.01,DB_Socket,B6_11,25
20240416_135904_square_gel_phone_case_light_touch.csv,square,B6CSD,Fixt_Demo,DaughterBoard_Demo,Demo_Board,gel,phone_case,light_touch,cut,no,no,Demo ADC,20,0,14,3.49,3,14,3,0,0.01,DB_Socket,B6_11,25
20240416_135906_square_gel_phone_case_light_touch.csv,square,B6CSD,Fixt_Demo,DaughterBoard_Demo,Demo_Board,gel,phone_case,light_touch,cut,no,no,Demo ADC,20,0,14,3.49,3,14,3,0,0.01,DB_Socket,B6_11,25
20240416_135909_square_gel_phone_case_light_touch.csv,square,B6CSD,Fixt_Demo,DaughterBoard_Demo,Demo_Board,gel,phone_case,light_touch,cut,no,no,Demo ADC,20,0,14,3.49,3,14,3,0,0.01,DB_Socket,B6_11,25
20240416_135911_square_gel_phone_case_light_touch.csv,square,B6CSD,Fixt_Demo,DaughterBoard_Demo,Demo_Board,gel,phone_case,light_touch,cut,no,no,Demo ADC,20,0,14,3.49,3,14,3,0,0.01,DB_Socket,B6_11,25
20240416_135913_square_gel_phone_case_light_touch.csv,square,B6CSD,Fixt_Demo,DaughterBoard_Demo,Demo_Board,gel,phone_case,light_touch,cut,no,no,Demo ADC,20,0,14,3.49,3,14,3,0,0.01,DB_Socket,B6_11,25
20240416_135915_square_gel_phone_case_light_touch.csv,square,B6CSD,Fixt_Demo,DaughterBoard_Demo,Demo_Board,gel,phone_case,light_touch,cut,no,no,Demo ADC,20,0,14,3.49,3,14,3,0,0.01,DB_Socket,B6_11,25
20240416_135917_square_gel_phone_case_light_touch.csv,square,B6CSD,Fixt_Demo,DaughterBoard_Demo,Demo_Board,gel,phone_case,light_touch,cut,no,no,Demo ADC,20,0,14,3.49,3,14,3,0,0.01,DB_Socket,B6_11,25
20240416_135919_square_gel_phone_case_light_touch.csv,square,B6CSD,Fixt_Demo,DaughterBoard_Demo,Demo_Board,gel,phone_case,light_touch,cut,no,no,Demo ADC,20,0,14,3.49,3,14,3,0,0.01,DB_Socket,B6_11,25
20240416_135921_square_gel_phone_case_light_touch.csv,square,B6CSD,Fixt_Demo,DaughterBoard_Demo,Demo_Board,gel,phone_case,light_touch,cut,no,no,Demo ADC,20,0,14,3.49,3,14,3,0,0.01,DB_Socket,B6_11,25
20240416_135923_square_gel_phone_case_light_touch.csv,square,B6CSD,Fixt_Demo,DaughterBoard_Demo,Demo_Board,gel,phone_case,light_touch,cut,no,no,Demo ADC,20,0,14,3.49,3,14,3,0,0.01,DB_Socket,B6_11,25
20240416_135926_square_gel_phone_case_light_touch.csv,square,B6CSD,Fixt_Demo,DaughterBoard_Demo,Demo_Board,gel,phone_case,light_touch,cut,no,no,Demo ADC,20,0,14,3.49,3,14,3,0,0.01,DB_Socket,B6_11,25
20240416_135928_square_gel_phone_case_light_touch.csv,square,B6CSD,Fixt_Demo,DaughterBoard_Demo,Demo_Board,gel,phone_case,light_touch,cut,no,no,Demo ADC,20,0,14,3.49,3,14,3,0,0.01,DB_Socket,B6_11,25
20240416_135930_square_gel_phone_case_light_touch.csv,square,B6CSD,Fixt_Demo,DaughterBoard_Demo,Demo_Board,gel,phone_case,light_touch,cut,no,no,Demo ADC,20,0,14,3.49,3,14,3,0,0.01,DB_Socket,B6_11,25
20240416_135932_square_gel_phone_case_light_touch.csv,square,B6CSD,Fixt_Demo,DaughterBoard_Demo,Demo_Board,gel,phone_case,light_touch,cut,no,no,Demo ADC,20,0,14,3.49,3,14,3,0,0.01,DB_Socket,B6_11,25
20240416_135934_square_gel_phone_case_light_touch.csv,square,B6CSD,Fixt_Demo,DaughterBoard_Demo,Demo_Board,gel,phone_case,light_touch,cut,no,no,Demo ADC,20,0,14,3.49,3,14,3,0,0.01,DB_Socket,B6_11,25
20240416_135936_square_gel_phone_case_light_touch.csv,square,B6CSD,Fixt_Demo,DaughterBoard_Demo,Demo_Board,gel,phone_case,light_touch,cut,no,no,Demo ADC,20,0,14,3.49,3,14,3,0,0.01,DB_Socket,B6_11,25
20240416_135939_square_gel_phone_case_light_touch.csv,square,B6CSD,Fixt_Demo,DaughterBoard_Demo,Demo_Board,gel,phone_case,light_touch,cut,no,no,Demo ADC,20,0,14,3.49,3,14,3,0,0.01,DB_Socket,B6_11,25
20240416_135941_square_gel_phone_case_light_touch.csv,square,B6CSD,Fixt_Demo,DaughterBoard_Demo,Demo_Board,gel,phone_case,light_touch,cut,no,no,Demo ADC,20,0,14,3.49,3,14,3,0,0.01,DB_Socket,B6_11,25
20240416_135943_square_gel_phone_case_light_touch.csv,square,B6CSD,Fixt_Demo,DaughterBoard_Demo,Demo_Board,gel,phone_case,light_touch,cut,no,no,Demo ADC,20,0,14,3.49,3,14,3,0,0.01,DB_Socket,B6_11,25
20240416_135945_square_gel_phone_case_light_touch.csv,square,B6CSD,Fixt_Demo,DaughterBoard_Demo,Demo_Board,gel,phone_case,light_touch,cut,no,no,Demo ADC,20,0,14,3.49,3,14,3,0,0.01,DB_Socket,B6_11,25
20240416_135947_square_gel_phone_case_light_touch.csv,square,B6CSD,Fixt_Demo,DaughterBoard_Demo,Demo_Board,gel,phone_case,light_touch,cut,no,no,Demo ADC,20,0,14,3.49,3,14,3,0,0.01,DB_Socket,B6_11,25
20240416_135949_square_gel_phone_case_light_touch.csv,square,B6CSD,Fixt_Demo,DaughterBoard_Demo,Demo_Board,gel,phone_case,light_touch,cut,no,no,Demo ADC,20,0,14,3.49,3,14,3,0,0.01,DB_Socket,B6_11,25
20240416_135951_square_gel_phone_case_light_touch.csv,square,B6CSD,Fixt_Demo,DaughterBoard_Demo,Demo_Board,gel,phone_case,light_touch,cut,no,no,Demo ADC,20,0,14,3.49,3,14,3,0,0.01,DB_Socket,B6_11,25
20240416_135953_square_gel_phone_case_light_touch.csv,square,B6CSD,Fixt_Demo,DaughterBoard_Demo,Demo_Board,gel,phone_case,light_touch,cut,no,no,Demo ADC,20,0,14,3.49,3,14,3,0,0.01,DB_Socket,B6_11,25
20240416_135955_square_gel_phone_case_light_touch.csv,square,B6CSD,Fixt_Demo,DaughterBoard_Demo,Demo_Board,gel,phone_case,light_touch,cut,no,no,Demo ADC,20,0,14,3.49,3,14,3,0,0.01,DB_Socket,B6_11,25
20240416_135958_square_gel_phone_case_light_touch.csv,square,B6CSD,Fixt_Demo,DaughterBoard_Demo,Demo_Board,gel,phone_case,light_touch,cut,no,no,Demo ADC,20,0,14,3.49,3,14,3,0,0.01,DB_Socket,B6_11,25
20240416_140000_square_gel_phone_case_light_touch.csv,square,B6CSD,Fixt_Demo,DaughterBoard_Demo,Demo_Board,gel,phone_case,light_touch,cut,no,no,Demo ADC,20,0,14,3.49,3,14,3,0,0.01,DB_Socket,B6_11,25
20240416_140002_square_gel_phone_case_light_touch.csv,square,B6CSD,Fixt_Demo,DaughterBoard_Demo,Demo_Board,gel,phone_case,light_touch,cut,no,no,Demo ADC,20,0,14,3.49,3,14,3,0,0.01,DB_Socket,B6_11,25
20240416_140004_square_gel_phone_case_light_touch.csv,square,B6CSD,Fixt_Demo,DaughterBoard_Demo,Demo_Board,gel,phone_case,light_touch,cut,no,no,Demo ADC,20,0,14,3.49,3,14,3,0,0.01,DB_Socket,B6_11,25
20240416_140006_square_gel_phone_case_light_touch.csv,square,B6CSD,Fixt_Demo,DaughterBoard_Demo,Demo_Board,gel,phone_case,light_touch,cut,no,no,Demo ADC,20,0,14,3.49,3,14,3,0,0.01,DB_Socket,B6_11,25
20240416_140008_square_gel_phone_case_light_touch.csv,square,B6CSD,Fixt_Demo,DaughterBoard_Demo,Demo_Board,gel,phone_case,light_touch,cut,no,no,Demo ADC,20,0,14,3.49,3,14,3,0,0.01,DB_Socket,B6_11,25
20240416_140010_square_gel_phone_case_light_touch.csv,square,B6CSD,Fixt_Demo,DaughterBoard_Demo,Demo_Board,gel,phone_case,light_touch,cut,no,no,Demo ADC,20,0,14,3.49,3,14,3,0,0.01,DB_Socket,B6_11,25
20240416_140012_square_gel_phone_case_light_touch.csv,square,B6CSD,Fixt_Demo,DaughterBoard_Demo,Demo_Board,gel,phone_case,light_touch,cut,no,no,Demo ADC,20,0,14,3.49,3,14,3,0,0.01,DB_Socket,B6_11,25
20240416_140014_square_gel_phone_case_light_touch.csv,square,B6CSD,Fixt_Demo,DaughterBoard_Demo,Demo_Board,gel,phone_case,light_touch,cut,no,no,Demo ADC,20,0,14,3.49,3,14,3,0,0.01,DB_Socket,B6_11,25
20240416_140017_square_gel_phone_case_light_touch.csv,square,B6CSD,Fixt_Demo,DaughterBoard_Demo,Demo_Board,gel,phone_case,light_touch,cut,no,no,Demo ADC,20,0,14,3.49,3,14,3,0,0.01,DB_Socket,B6_11,25
20240416_140019_square_gel_phone_case_light_touch.csv,square,B6CSD,Fixt_Demo,DaughterBoard_Demo,Demo_Board,gel,phone_case,light_touch,cut,no,no,Demo ADC,20,0,14,3.49,3,14,3,0,0.01,DB_Socket,B6_11,25
20240416_140021_square_gel_phone_case_light_touch.csv,square,B6CSD,Fixt_Demo,DaughterBoard_Demo,Demo_Board,gel,phone_case,light_touch,cut,no,no,Demo ADC,20,0,14,3.49,3,14,3,0,0.01,DB_Socket,B6_11,25
20240416_140023_square_gel_phone_case_light_touch.csv,square,B6CSD,Fixt_Demo,DaughterBoard_Demo,Demo_Board,gel,phone_case,light_touch,cut,no,no,Demo ADC,20,0,14,3.49,3,14,3,0,0.01,DB_Socket,B6_11,25
20240416_140025_square_gel_phone_case_light_touch.csv,square,B6CSD,Fixt_Demo,DaughterBoard_Demo,Demo_Board,gel,phone_case,light_touch,cut,no,no,Demo ADC,20,0,14,3.49,3,14,3,0,0.01,DB_Socket,B6_11,25
20240416_140028_square_gel_phone_case_light_touch.csv,square,B6CSD,Fixt_Demo,DaughterBoard_Demo,Demo_Board,gel,phone_case,light_touch,cut,no,no,Demo ADC,20,0,14,3.49,3,14,3,0,0.01,DB_Socket,B6_11,25
20240416_140030_square_gel_phone_case_light_touch.csv,square,B6CSD,Fixt_Demo,DaughterBoard_Demo,Demo_Board,gel,phone_case,light_touch,cut,no,no,Demo ADC,20,0,14,3.49,3,14,3,0,0.01,DB_Socket,B6_11,25
20240416_140032_square_gel_phone_case_light_touch.csv,square,B6CSD,Fixt_Demo,DaughterBoard_Demo,Demo_Board,gel,phone_case,light_touch,cut,no,no,Demo ADC,20,0,14,3.49,3,14,3,0,0.01,DB_Socket,B6_11,25
20240416_140034_square_gel_phone_case_light_touch.csv,square,B6CSD,Fixt_Demo,DaughterBoard_Demo,Demo_Board,gel,phone_case,light_touch,cut,no,no,Demo ADC,20,0,14,3.49,3,14,3,0,0.01,DB_Socket,B6_11,25
20240416_140036_square_gel_phone_case_light_touch.csv,square,B6CSD,Fixt_Demo,DaughterBoard_Demo,Demo_Board,gel,phone_case,light_touch,cut,no,no,Demo ADC,20,0,14,3.49,3,14,3,0,0.01,DB_Socket,B6_11,25
20240416_140038_square_gel_phone_case_light_touch.csv,square,B6CSD,Fixt_Demo,DaughterBoard_Demo,Demo_Board,gel,phone_case,light_touch,cut,no,no,Demo ADC,20,0,14,3.49,3,14,3,0,0.01,DB_Socket,B6_11,25
20240416_140040_square_gel_phone_case_light_touch.csv,square,B6CSD,Fixt_Demo,DaughterBoard_Demo,Demo_Board,gel,phone_case,light_touch,cut,no,no,Demo ADC,20,0,14,3.49,3,14,3,0,0.01,DB_Socket,B6_11,25
20240416_140042_square_gel_phone_case_light_touch.csv,square,B6CSD,Fixt_Demo,DaughterBoard_Demo,Demo_Board,gel,phone_case,light_touch,cut,no,no,Demo ADC,20,0,14,3.49,3,14,3,0,0.01,DB_Socket,B6_11,25
20240416_140044_square_gel_phone_case_light_touch.csv,square,B6CSD,Fixt_Demo,DaughterBoard_Demo,Demo_Board,gel,phone_case,light_touch,cut,no,no,Demo ADC,20,0,14,3.49,3,14,3,0,0.01,DB_Socket,B6_11,25
20240416_140047_square_gel_phone_case_light_touch.csv,square,B6CSD,Fixt_Demo,DaughterBoard_Demo,Demo_Board,gel,phone_case,light_touch,cut,no,no,Demo ADC,20,0,14,3.49,3,14,3,0,0.01,DB_Socket,B6_11,25
20240416_140049_square_gel_phone_case_light_touch.csv,square,B6CSD,Fixt_Demo,DaughterBoard_Demo,Demo_Board,gel,phone_case,light_touch,cut,no,no,Demo ADC,20,0,14,3.49,3,14,3,0,0.01,DB_Socket,B6_11,25
20240416_140051_square_gel_phone_case_light_touch.csv,square,B6CSD,Fixt_Demo,DaughterBoard_Demo,Demo_Board,gel,phone_case,light_touch,cut,no,no,Demo ADC,20,0,14,3.49,3,14,3,0,0.01,DB_Socket,B6_11,25
20240416_140053_square_gel_phone_case_light_touch.csv,square,B6CSD,Fixt_Demo,DaughterBoard_Demo,Demo_Board,gel,phone_case,light_touch,cut,no,no,Demo ADC,20,0,14,3.49,3,14,3,0,0.01,DB_Socket,B6_11,25
20240416_140055_square_gel_phone_case_light_touch.csv,square,B6CSD,Fixt_Demo,DaughterBoard_Demo,Demo_Board,gel,phone_case,light_touch,cut,no,no,Demo ADC,20,0,14,3.49,3,14,3,0,0.01,DB_Socket,B6_11,25
20240416_140057_square_gel_phone_case_light_touch.csv,square,B6CSD,Fixt_Demo,DaughterBoard_Demo,Demo_Board,gel,phone_case,light_touch,cut,no,no,Demo ADC,20,0,14,3.49,3,14,3,0,0.01,DB_Socket,B6_11,25
20240416_140059_square_gel_phone_case_light_touch.csv,square,B6CSD,Fixt_Demo,DaughterBoard_Demo,Demo_Board,gel,phone_case,light_touch,cut,no,no,Demo ADC,20,0,14,3.49,3,14,3,0,0.01,DB_Socket,B6_11,25
20240416_140101_square_gel_phone_case_light_touch.csv,square,B6CSD,Fixt_Demo,DaughterBoard_Demo,Demo_Board,gel,phone_case,light_touch,cut,no,no,Demo ADC,20,0,14,3.49,3,14,3,0,0.01,DB_Socket,B6_11,25
20240416_140103_square_gel_phone_case_light_touch.csv,square,B6CSD,Fixt_Demo,DaughterBoard_Demo,Demo_Board,gel,phone_case,light_touch,cut,no,no,Demo ADC,20,0,14,3.49,3,14,3,0,0.01,DB_Socket,B6_11,25
20240416_140106_square_gel_phone_case_light_touch.csv,square,B6CSD,Fixt_Demo,DaughterBoard_Demo,Demo_Board,gel,phone_case,light_touch,cut,no,no,Demo ADC,20,0,14,3.49,3,14,3,0,0.01,DB_Socket,B6_11,25
20240416_140108_square_gel_phone_case_light_touch.csv,square,B6CSD,Fixt_Demo,DaughterBoard_Demo,Demo_Board,gel,phone_case,light_touch,cut,no,no,Demo ADC,20,0,14,3.49,3,14,3,0,0.01,DB_Socket,B6_11,25
20240416_140110_square_gel_phone_case_light_touch.csv,square,B6CSD,Fixt_Demo,DaughterBoard_Demo,Demo_Board,gel,phone_case,light_touch,cut,no,no,Demo ADC,20,0,14,3.49,3,14,3,0,0.01,DB_Socket,B6_11,25
20240416_140112_square_gel_phone_case_light_touch.csv,square,B6CSD,Fixt_Demo,DaughterBoard_Demo,Demo_Board,gel,phone_case,light_touch,cut,no,no,Demo ADC,20,0,14,3.49,3,14,3,0,0.01,DB_Socket,B6_11,25
20240416_140114_square_gel_phone_case_light_touch.csv,square,B6CSD,Fixt_Demo,DaughterBoard_Demo,Demo_Board,gel,phone_case,light_touch,cut,no,no,Demo ADC,20,0,14,3.49,3,14,3,0,0.01,DB_Socket,B6_11,25
20240416_140116_square_gel_phone_case_light_touch.csv,square,B6CSD,Fixt_Demo,DaughterBoard_Demo,Demo_Board,gel,phone_case,light_touch,cut,no,no,Demo ADC,20,0,14,3.49,3,14,3,0,0.01,DB_Socket,B6_11,25
20240416_140118_square_gel_phone_case_light_touch.csv,square,B6CSD,Fixt_Demo,DaughterBoard_Demo,Demo_Board,gel,phone_case,light_touch,cut,no,no,Demo ADC,20,0,14,3.49,3,14,3,0,0.01,DB_Socket,B6_11,25
20240416_140120_square_gel_phone_case_light_touch.csv,square,B6CSD,Fixt_Demo,DaughterBoard_Demo,Demo_Board,gel,phone_case,light_touch,cut,no,no,Demo ADC,20,0,14,3.49,3,14,3,0,0.01,DB_Socket,B6_11,25
20240416_140123_square_gel_phone_case_light_touch.csv,square,B6CSD,Fixt_Demo,DaughterBoard_Demo,Demo_Board,gel,phone_case,light_touch,cut,no,no,Demo ADC,20,0,14,3.49,3,14,3,0,0.01,DB_Socket,B6_11,25
20240416_140125_square_gel_phone_case_light_touch.csv,square,B6CSD,Fixt_Demo,DaughterBoard_Demo,Demo_Board,gel,phone_case,light_touch,cut,no,no,Demo ADC,20,0,14,3.49,3,14,3,0,0.01,DB_Socket,B6_11,25
20240416_140127_square_gel_phone_case_light_touch.csv,square,B6CSD,Fixt_Demo,DaughterBoard_Demo,Demo_Board,gel,phone_case,light_touch,cut,no,no,Demo ADC,20,0,14,3.49,3,14,3,0,0.01,DB_Socket,B6_11,25
20240416_140129_square_gel_phone_case_light_touch.csv,square,B6CSD,Fixt_Demo,DaughterBoard_Demo,Demo_Board,gel,phone_case,light_touch,cut,no,no,Demo ADC,20,0,14,3.49,3,14,3,0,0.01,DB_Socket,B6_11,25
20240416_140131_square_gel_phone_case_light_touch.csv,square,B6CSD,Fixt_Demo,DaughterBoard_Demo,Demo_Board,gel,phone_case,light_touch,cut,no,no,Demo ADC,20,0,14,3.49,3,14,3,0,0.01,DB_Socket,B6_11,25
20240416_140133_square_gel_phone_case_light_touch.csv,square,B6CSD,Fixt_Demo,DaughterBoard_Demo,Demo_Board,gel,phone_case,light_touch,cut,no,no,Demo ADC,20,0,14,3.49,3,14,3,0,0.01,DB_Socket,B6_11,25
20240416_140135_square_gel_phone_case_light_touch.csv,square,B6CSD,Fixt_Demo,DaughterBoard_Demo,Demo_Board,gel,phone_case,light_touch,cut,no,no,Demo ADC,20,0,14,3.49,3,14,3,0,0.01,DB_Socket,B6_11,25
20240416_140137_square_gel_phone_case_light_touch.csv,square,B6CSD,Fixt_Demo,DaughterBoard_Demo,Demo_Board,gel,phone_case,light_touch,cut,no,no,Demo ADC,20,0,14,3.49,3,14,3,0,0.01,DB_Socket,B6_11,25
20240416_140139_square_gel_phone_case_light_touch.csv,square,B6CSD,Fixt_Demo,DaughterBoard_Demo,Demo_Board,gel,phone_case,light_touch,cut,no,no,Demo ADC,20,0,14,3.49,3,14,3,0,0.01,DB_Socket,B6_11,25
20240416_140142_square_gel_phone_case_light_touch.csv,square,B6CSD,Fixt_Demo,DaughterBoard_Demo,Demo_Board,gel,phone_case,light_touch,cut,no,no,Demo ADC,20,0,14,3.49,3,14,3,0,0.01,DB_Socket,B6_11,25
20240416_140144_square_gel_phone_case_light_touch.csv,square,B6CSD,Fixt_Demo,DaughterBoard_Demo,Demo_Board,gel,phone_case,light_touch,cut,no,no,Demo ADC,20,0,14,3.49,3,14,3,0,0.01,DB_Socket,B6_11,25
20240416_140146_square_gel_phone_case_light_touch.csv,square,B6CSD,Fixt_Demo,DaughterBoard_Demo,Demo_Board,gel,phone_case,light_touch,cut,no,no,Demo ADC,20,0,14,3.49,3,14,3,0,0.01,DB_Socket,B6_11,25
20240416_140148_square_gel_phone_case_light_touch.csv,square,B6CSD,Fixt_Demo,DaughterBoard_Demo,Demo_Board,gel,phone_case,light_touch,cut,no,no,Demo ADC,20,0,14,3.49,3,14,3,0,0.01,DB_Socket,B6_11,25
20240416_140150_square_gel_phone_case_light_touch.csv,square,B6CSD,Fixt_Demo,DaughterBoard_Demo,Demo_Board,gel,phone_case,light_touch,cut,no,no,Demo ADC,20,0,14,3.49,3,14,3,0,0.01,DB_Socket,B6_11,25
20240416_140152_square_gel_phone_case_light_touch.csv,square,B6CSD,Fixt_Demo,DaughterBoard_Demo,Demo_Board,gel,phone_case,light_touch,cut,no,no,Demo ADC,20,0,14,3.49,3,14,3,0,0.01,DB_Socket,B6_11,25
20240416_140154_square_gel_phone_case_light_touch.csv,square,B6CSD,Fixt_Demo,DaughterBoard_Demo,Demo_Board,gel,phone_case,light_touch,cut,no,no,Demo ADC,20,0,14,3.49,3,14,3,0,0.01,DB_Socket,B6_11,25
20240416_140156_square_gel_phone_case_light_touch.csv,square,B6CSD,Fixt_Demo,DaughterBoard_Demo,Demo_Board,gel,phone_case,light_touch,cut,no,no,Demo ADC,20,0,14,3.49,3,14,3,0,0.01,DB_Socket,B6_11,25
20240416_140158_square_gel_phone_case_light_touch.csv,square,B6CSD,Fixt_Demo,DaughterBoard_Demo,Demo_Board,gel,phone_case,light_touch,cut,no,no,Demo ADC,20,0,14,3.49,3,14,3,0,0.01,DB_Socket,B6_11,25
20240416_140201_square_gel_phone_case_light_touch.csv,square,B6CSD,Fixt_Demo,DaughterBoard_Demo,Demo_Board,gel,phone_case,light_touch,cut,no,no,Demo ADC,20,0,14,3.49,3,14,3,0,0.01,DB_Socket,B6_11,25
20240416_140203_square_gel_phone_case_light_touch.csv,square,B6CSD,Fixt_Demo,DaughterBoard_Demo,Demo_Board,gel,phone_case,light_touch,cut,no,no,Demo ADC,20,0,14,3.49,3,14,3,0,0.01,DB_Socket,B6_11,25
20240416_140205_square_gel_phone_case_light_touch.csv,square,B6CSD,Fixt_Demo,DaughterBoard_Demo,Demo_Board,gel,phone_case,light_touch,cut,no,no,Demo ADC,20,0,14,3.49,3,14,3,0,0.01,DB_Socket,B6_11,25
20240416_140207_square_gel_phone_case_light_touch.csv,square,B6CSD,Fixt_Demo,DaughterBoard_Demo,Demo_Board,gel,phone_case,light_touch,cut,no,no,Demo ADC,20,0,14,3.49,3,14,3,0,0.01,DB_Socket,B6_11,25
20240416_140209_square_gel_phone_case_light_touch.csv,square,B6CSD,Fixt_Demo,DaughterBoard_Demo,Demo_Board,gel,phone_case,light_touch,cut,no,no,Demo ADC,20,0,14,3.49,3,14,3,0,0.01,DB_Socket,B6_11,25
20240416_140211_square_gel_phone_case_light_touch.csv,square,B6CSD,Fixt_Demo,DaughterBoard_Demo,Demo_Board,gel,phone_case,light_touch,cut,no,no,Demo ADC,20,0,14,3.49,3,14,3,0,0.01,DB_Socket,B6_11,25
20240416_140213_square_gel_phone_case_light_touch.csv,square,B6CSD,Fixt_Demo,DaughterBoard_Demo,Demo_Board,gel,phone_case,light_touch,cut,no,no,Demo ADC,20,0,14,3.49,3,14,3,0,0.01,DB_Socket,B6_11,25
20240416_140216_square_gel_phone_case_light_touch.csv,square,B6CSD,Fixt_Demo,DaughterBoard_Demo,Demo_Board,gel,phone_case,light_touch,cut,no,no,Demo ADC,20,0,14,3.49,3,14,3,0,0.01,DB_Socket,B6_11,25
20240416_140218_square_gel_phone_case_light_touch.csv,square,B6CSD,Fixt_Demo,DaughterBoard_Demo,Demo_Board,gel,phone_case,light_touch,cut,no,no,Demo ADC,20,0,14,3.49,3,14,3,0,0.01,DB_Socket,B6_11,25
20240416_140220_square_gel_phone_case_light_touch.csv,square,B6CSD,Fixt_Demo,DaughterBoard_Demo,Demo_Board,gel,phone_case,light_touch,cut,no,no,Demo ADC,20,0,14,3.49,3,14,3,0,0.01,DB_Socket,B6_11,25
20240416_140222_square_gel_phone_case_light_touch.csv,square,B6CSD,Fixt_Demo,DaughterBoard_Demo,Demo_Board,gel,phone_case,light_touch,cut,no,no,Demo ADC,20,0,14,3.49,3,14,3,0,0.01,DB_Socket,B6_11,25
20240416_140224_square_gel_phone_case_light_touch.csv,square,B6CSD,Fixt_Demo,DaughterBoard_Demo,Demo_Board,gel,phone_case,light_touch,cut,no,no,Demo ADC,20,0,14,3.49,3,14,3,0,0.01,DB_Socket,B6_11,25
20240416_140226_square_gel_phone_case_light_touch.csv,square,B6CSD,Fixt_Demo,DaughterBoard_Demo,Demo_Board,gel,phone_case,light_touch,cut,no,no,Demo ADC,20,0,14,3.49,3,14,3,0,0.01,DB_Socket,B6_11,25
20240416_140229_square_gel_phone_case_light_touch.csv,square,B6CSD,Fixt_Demo,DaughterBoard_Demo,Demo_Board,gel,phone_case,light_touch,cut,no,no,Demo ADC,20,0,14,3.49,3,14,3,0,0.01,DB_Socket,B6_11,25
20240416_140231_square_gel_phone_case_light_touch.csv,square,B6CSD,Fixt_Demo,DaughterBoard_Demo,Demo_Board,gel,phone_case,light_touch,cut,no,no,Demo ADC,20,0,14,3.49,3,14,3,0,0.01,DB_Socket,B6_11,25
20240416_140233_square_gel_phone_case_light_touch.csv,square,B6CSD,Fixt_Demo,DaughterBoard_Demo,Demo_Board,gel,phone_case,light_touch,cut,no,no,Demo ADC,20,0,14,3.49,3,14,3,0,0.01,DB_Socket,B6_11,25
20240416_140235_square_gel_phone_case_light_touch.csv,square,B6CSD,Fixt_Demo,DaughterBoard_Demo,Demo_Board,gel,phone_case,light_touch,cut,no,no,Demo ADC,20,0,14,3.49,3,14,3,0,0.01,DB_Socket,B6_11,25
20240416_140237_square_gel_phone_case_light_touch.csv,square,B6CSD,Fixt_Demo,DaughterBoard_Demo,Demo_Board,gel,phone_case,light_touch,cut,no,no,Demo ADC,20,0,14,3.49,3,14,3,0,0.01,DB_Socket,B6_11,25
20240416_140239_square_gel_phone_case_light_touch.csv,square,B6CSD,Fixt_Demo,DaughterBoard_Demo,Demo_Board,gel,phone_case,light_touch,cut,no,no,Demo ADC,20,0,14,3.49,3,14,3,0,0.01,DB_Socket,B6_11,25
20240416_140241_square_gel_phone_case_light_touch.csv,square,B6CSD,Fixt_Demo,DaughterBoard_Demo,Demo_Board,gel,phone_case,light_touch,cut,no,no,Demo ADC,20,0,14,3.49,3,14,3,0,0.01,DB_Socket,B6_11,25
20240416_140243_square_gel_phone_case_light_touch.csv,square,B6CSD,Fixt_Demo,DaughterBoard_Demo,Demo_Board,gel,phone_case,light_touch,cut,no,no,Demo ADC,20,0,14,3.49,3,14,3,0,0.01,DB_Socket,B6_11,25
20240416_140246_square_gel_phone_case_light_touch.csv,square,B6CSD,Fixt_Demo,DaughterBoard_Demo,Demo_Board,gel,phone_case,light_touch,cut,no,no,Demo ADC,20,0,14,3.49,3,14,3,0,0.01,DB_Socket,B6_11,25
20240416_140248_square_gel_phone_case_light_touch.csv,square,B6CSD,Fixt_Demo,DaughterBoard_Demo,Demo_Board,gel,phone_case,light_touch,cut,no,no,Demo ADC,20,0,14,3.49,3,14,3,0,0.01,DB_Socket,B6_11,25
20240416_140250_square_gel_phone_case_light_touch.csv,square,B6CSD,Fixt_Demo,DaughterBoard_Demo,Demo_Board,gel,phone_case,light_touch,cut,no,no,Demo ADC,20,0,14,3.49,3,14,3,0,0.01,DB_Socket,B6_11,25
20240416_140252_square_gel_phone_case_light_touch.csv,square,B6CSD,Fixt_Demo,DaughterBoard_Demo,Demo_Board,gel,phone_case,light_touch,cut,no,no,Demo ADC,20,0,14,3.49,3,14,3,0,0.01,DB_Socket,B6_11,25
20240416_140255_square_gel_phone_case_light_touch.csv,square,B6CSD,Fixt_Demo,DaughterBoard_Demo,Demo_Board,gel,phone_case,light_touch,cut,no,no,Demo ADC,20,0,14,3.49,3,14,3,0,0.01,DB_Socket,B6_11,25
20240416_140257_square_gel_phone_case_light_touch.csv,square,B6CSD,Fixt_Demo,DaughterBoard_Demo,Demo_Board,gel,phone_case,light_touch,cut,no,no,Demo ADC,20,0,14,3.49,3,14,3,0,0.01,DB_Socket,B6_11,25
20240416_140300_square_gel_phone_case_light_touch.csv,square,B6CSD,Fixt_Demo,DaughterBoard_Demo,Demo_Board,gel,phone_case,light_touch,cut,no,no,Demo ADC,20,0,14,3.49,3,14,3,0,0.01,DB_Socket,B6_11,25
20240416_140302_square_gel_phone_case_light_touch.csv,square,B6CSD,Fixt_Demo,DaughterBoard_Demo,Demo_Board,gel,phone_case,light_touch,cut,no,no,Demo ADC,20,0,14,3.49,3,14,3,0,0.01,DB_Socket,B6_11,25
20240416_140305_square_gel_phone_case_light_touch.csv,square,B6CSD,Fixt_Demo,DaughterBoard_Demo,Demo_Board,gel,phone_case,light_touch,cut,no,no,Demo ADC,20,0,14,3.49,3,14,3,0,0.01,DB_Socket,B6_11,25
20240416_140308_square_gel_phone_case_light_touch.csv,square,B6CSD,Fixt_Demo,DaughterBoard_Demo,Demo_Board,gel,phone_case,light_touch,cut,no,no,Demo ADC,20,0,14,3.49,3,14,3,0,0.01,DB_Socket,B6_11,25
20240416_140310_square_gel_phone_case_light_touch.csv,square,B6CSD,Fixt_Demo,DaughterBoard_Demo,Demo_Board,gel,phone_case,light_touch,cut,no,no,Demo ADC,20,0,14,3.49,3,14,3,0,0.01,DB_Socket,B6_11,25
20240416_140313_square_gel_phone_case_light_touch.csv,square,B6CSD,Fixt_Demo,DaughterBoard_Demo,Demo_Board,gel,phone_case,light_touch,cut,no,no,Demo ADC,20,0,14,3.49,3,14,3,0,0.01,DB_Socket,B6_11,25
20240416_140315_square_gel_phone_case_light_touch.csv,square,B6CSD,Fixt_Demo,DaughterBoard_Demo,Demo_Board,gel,phone_case,light_touch,cut,no,no,Demo ADC,20,0,14,3.49,3,14,3,0,0.01,DB_Socket,B6_11,25
20240416_140317_square_gel_phone_case_light_touch.csv,square,B6CSD,Fixt_Demo,DaughterBoard_Demo,Demo_Board,gel,phone_case,light_touch,cut,no,no,Demo ADC,20,0,14,3.49,3,14,3,0,0.01,DB_Socket,B6_11,25
20240416_140320_square_gel_phone_case_light_touch.csv,square,B6CSD,Fixt_Demo,DaughterBoard_Demo,Demo_Board,gel,phone_case,light_touch,cut,no,no,Demo ADC,20,0,14,3.49,3,14,3,0,0.01,DB_Socket,B6_11,25
20240416_140322_square_gel_phone_case_light_touch.csv,square,B6CSD,Fixt_Demo,DaughterBoard_Demo,Demo_Board,gel,phone_case,light_touch,cut,no,no,Demo ADC,20,0,14,3.49,3,14,3,0,0.01,DB_Socket,B6_11,25
20240416_140324_square_gel_phone_case_light_touch.csv,square,B6CSD,Fixt_Demo,DaughterBoard_Demo,Demo_Board,gel,phone_case,light_touch,cut,no,no,Demo ADC,20,0,14,3.49,3,14,3,0,0.01,DB_Socket,B6_11,25
20240416_140326_square_gel_phone_case_light_touch.csv,square,B6CSD,Fixt_Demo,DaughterBoard_Demo,Demo_Board,gel,phone_case,light_touch,cut,no,no,Demo ADC,20,0,14,3.49,3,14,3,0,0.01,DB_Socket,B6_11,25
20240416_140328_square_gel_phone_case_light_touch.csv,square,B6CSD,Fixt_Demo,DaughterBoard_Demo,Demo_Board,gel,phone_case,light_touch,cut,no,no,Demo ADC,20,0,14,3.49,3,14,3,0,0.01,DB_Socket,B6_11,25
20240416_140331_square_gel_phone_case_light_touch.csv,square,B6CSD,Fixt_Demo,DaughterBoard_Demo,Demo_Board,gel,phone_case,light_touch,cut,no,no,Demo ADC,20,0,14,3.49,3,14,3,0,0.01,DB_Socket,B6_11,25
20240416_140333_square_gel_phone_case_light_touch.csv,square,B6CSD,Fixt_Demo,DaughterBoard_Demo,Demo_Board,gel,phone_case,light_touch,cut,no,no,Demo ADC,20,0,14,3.49,3,14,3,0,0.01,DB_Socket,B6_11,25
20240416_140335_square_gel_phone_case_light_touch.csv,square,B6CSD,Fixt_Demo,DaughterBoard_Demo,Demo_Board,gel,phone_case,light_touch,cut,no,no,Demo ADC,20,0,14,3.49,3,14,3,0,0.01,DB_Socket,B6_11,25
20240416_140337_square_gel_phone_case_light_touch.csv,square,B6CSD,Fixt_Demo,DaughterBoard_Demo,Demo_Board,gel,phone_case,light_touch,cut,no,no,Demo ADC,20,0,14,3.49,3,14,3,0,0.01,DB_Socket,B6_11,25
20240416_140340_square_gel_phone_case_light_touch.csv,square,B6CSD,Fixt_Demo,DaughterBoard_Demo,Demo_Board,gel,phone_case,light_touch,cut,no,no,Demo ADC,20,0,14,3.49,3,14,3,0,0.01,DB_Socket,B6_11,25
20240416_140342_square_gel_phone_case_light_touch.csv,square,B6CSD,Fixt_Demo,DaughterBoard_Demo,Demo_Board,gel,phone_case,light_touch,cut,no,no,Demo ADC,20,0,14,3.49,3,14,3,0,0.01,DB_Socket,B6_11,25
20240416_140344_square_gel_phone_case_light_touch.csv,square,B6CSD,Fixt_Demo,DaughterBoard_Demo,Demo_Board,gel,phone_case,light_touch,cut,no,no,Demo ADC,20,0,14,3.49,3,14,3,0,0.01,DB_Socket,B6_11,25
20240416_140347_square_gel_phone_case_light_touch.csv,square,B6CSD,Fixt_Demo,DaughterBoard_Demo,Demo_Board,gel,phone_case,light_touch,cut,no,no,Demo ADC,20,0,14,3.49,3,14,3,0,0.01,DB_Socket,B6_11,25
20240416_140349_square_gel_phone_case_light_touch.csv,square,B6CSD,Fixt_Demo,DaughterBoard_Demo,Demo_Board,gel,phone_case,light_touch,cut,no,no,Demo ADC,20,0,14,3.49,3,14,3,0,0.01,DB_Socket,B6_11,25
20240416_140351_square_gel_phone_case_light_touch.csv,square,B6CSD,Fixt_Demo,DaughterBoard_Demo,Demo_Board,gel,phone_case,light_touch,cut,no,no,Demo ADC,20,0,14,3.49,3,14,3,0,0.01,DB_Socket,B6_11,25
20240416_140353_square_gel_phone_case_light_touch.csv,square,B6CSD,Fixt_Demo,DaughterBoard_Demo,Demo_Board,gel,phone_case,light_touch,cut,no,no,Demo ADC,20,0,14,3.49,3,14,3,0,0.01,DB_Socket,B6_11,25
20240416_140355_square_gel_phone_case_light_touch.csv,square,B6CSD,Fixt_Demo,DaughterBoard_Demo,Demo_Board,gel,phone_case,light_touch,cut,no,no,Demo ADC,20,0,14,3.49,3,14,3,0,0.01,DB_Socket,B6_11,25
20240416_140357_square_gel_phone_case_light_touch.csv,square,B6CSD,Fixt_Demo,DaughterBoard_Demo,Demo_Board,gel,phone_case,light_touch,cut,no,no,Demo ADC,20,0,14,3.49,3,14,3,0,0.01,DB_Socket,B6_11,25
20240416_140400_square_gel_phone_case_light_touch.csv,square,B6CSD,Fixt_Demo,DaughterBoard_Demo,Demo_Board,gel,phone_case,light_touch,cut,no,no,Demo ADC,20,0,14,3.49,3,14,3,0,0.01,DB_Socket,B6_11,25
20240416_140612_square_gel_phone_case_force_touch.csv,square,B6CSD,Fixt_Demo,DaughterBoard_Demo,Demo_Board,gel,phone_case,force_touch,cut,no,no,Demo ADC,20,0,14,3.49,3,14,3,0,0.01,DB_Socket,B6_11,25
20240416_140615_square_gel_phone_case_force_touch.csv,square,B6CSD,Fixt_Demo,DaughterBoard_Demo,Demo_Board,gel,phone_case,force_touch,cut,no,no,Demo ADC,20,0,14,3.49,3,14,3,0,0.01,DB_Socket,B6_11,25
20240416_140617_square_gel_phone_case_force_touch.csv,square,B6CSD,Fixt_Demo,DaughterBoard_Demo,Demo_Board,gel,phone_case,force_touch,cut,no,no,Demo ADC,20,0,14,3.49,3,14,3,0,0.01,DB_Socket,B6_11,25
20240416_140619_square_gel_phone_case_force_touch.csv,square,B6CSD,Fixt_Demo,DaughterBoard_Demo,Demo_Board,gel,phone_case,force_touch,cut,no,no,Demo ADC,20,0,14,3.49,3,14,3,0,0.01,DB_Socket,B6_11,25
20240416_140621_square_gel_phone_case_force_touch.csv,square,B6CSD,Fixt_Demo,DaughterBoard_Demo,Demo_Board,gel,phone_case,force_touch,cut,no,no,Demo ADC,20,0,14,3.49,3,14,3,0,0.01,DB_Socket,B6_11,25
20240416_140624_square_gel_phone_case_force_touch.csv,square,B6CSD,Fixt_Demo,DaughterBoard_Demo,Demo_Board,gel,phone_case,force_touch,cut,no,no,Demo ADC,20,0,14,3.49,3,14,3,0,0.01,DB_Socket,B6_11,25
20240416_140626_square_gel_phone_case_force_touch.csv,square,B6CSD,Fixt_Demo,DaughterBoard_Demo,Demo_Board,gel,phone_case,force_touch,cut,no,no,Demo ADC,20,0,14,3.49,3,14,3,0,0.01,DB_Socket,B6_11,25
20240416_140628_square_gel_phone_case_force_touch.csv,square,B6CSD,Fixt_Demo,DaughterBoard_Demo,Demo_Board,gel,phone_case,force_touch,cut,no,no,Demo ADC,20,0,14,3.49,3,14,3,0,0.01,DB_Socket,B6_11,25
20240416_140630_square_gel_phone_case_force_touch.csv,square,B6CSD,Fixt_Demo,DaughterBoard_Demo,Demo_Board,gel,phone_case,force_touch,cut,no,no,Demo ADC,20,0,14,3.49,3,14,3,0,0.01,DB_Socket,B6_11,25
20240416_140632_square_gel_phone_case_force_touch.csv,square,B6CSD,Fixt_Demo,DaughterBoard_Demo,Demo_Board,gel,phone_case,force_touch,cut,no,no,Demo ADC,20,0,14,3.49,3,14,3,0,0.01,DB_Socket,B6_11,25
20240416_140634_square_gel_phone_case_force_touch.csv,square,B6CSD,Fixt_Demo,DaughterBoard_Demo,Demo_Board,gel,phone_case,force_touch,cut,no,no,Demo ADC,20,0,14,3.49,3,14,3,0,0.01,DB_Socket,B6_11,25
20240416_140637_square_gel_phone_case_force_touch.csv,square,B6CSD,Fixt_Demo,DaughterBoard_Demo,Demo_Board,gel,phone_case,force_touch,cut,no,no,Demo ADC,20,0,14,3.49,3,14,3,0,0.01,DB_Socket,B6_11,25
20240416_140639_square_gel_phone_case_force_touch.csv,square,B6CSD,Fixt_Demo,DaughterBoard_Demo,Demo_Board,gel,phone_case,force_touch,cut,no,no,Demo ADC,20,0,14,3.49,3,14,3,0,0.01,DB_Socket,B6_11,25
20240416_140641_square_gel_phone_case_force_touch.csv,square,B6CSD,Fixt_Demo,DaughterBoard_Demo,Demo_Board,gel,phone_case,force_touch,cut,no,no,Demo ADC,20,0,14,3.49,3,14,3,0,0.01,DB_Socket,B6_11,25
20240416_140643_square_gel_phone_case_force_touch.csv,square,B6CSD,Fixt_Demo,DaughterBoard_Demo,Demo_Board,gel,phone_case,force_touch,cut,no,no,Demo ADC,20,0,14,3.49,3,14,3,0,0.01,DB_Socket,B6_11,25
20240416_140646_square_gel_phone_case_force_touch.csv,square,B6CSD,Fixt_Demo,DaughterBoard_Demo,Demo_Board,gel,phone_case,force_touch,cut,no,no,Demo ADC,20,0,14,3.49,3,14,3,0,0.01,DB_Socket,B6_11,25
20240416_140648_square_gel_phone_case_force_touch.csv,square,B6CSD,Fixt_Demo,DaughterBoard_Demo,Demo_Board,gel,phone_case,force_touch,cut,no,no,Demo ADC,20,0,14,3.49,3,14,3,0,0.01,DB_Socket,B6_11,25
20240416_140650_square_gel_phone_case_force_touch.csv,square,B6CSD,Fixt_Demo,DaughterBoard_Demo,Demo_Board,gel,phone_case,force_touch,cut,no,no,Demo ADC,20,0,14,3.49,3,14,3,0,0.01,DB_Socket,B6_11,25
20240416_140653_square_gel_phone_case_force_touch.csv,square,B6CSD,Fixt_Demo,DaughterBoard_Demo,Demo_Board,gel,phone_case,force_touch,cut,no,no,Demo ADC,20,0,14,3.49,3,14,3,0,0.01,DB_Socket,B6_11,25
20240416_140655_square_gel_phone_case_force_touch.csv,square,B6CSD,Fixt_Demo,DaughterBoard_Demo,Demo_Board,gel,phone_case,force_touch,cut,no,no,Demo ADC,20,0,14,3.49,3,14,3,0,0.01,DB_Socket,B6_11,25
20240416_140657_square_gel_phone_case_force_touch.csv,square,B6CSD,Fixt_Demo,DaughterBoard_Demo,Demo_Board,gel,phone_case,force_touch,cut,no,no,Demo ADC,20,0,14,3.49,3,14,3,0,0.01,DB_Socket,B6_11,25
20240416_140659_square_gel_phone_case_force_touch.csv,square,B6CSD,Fixt_Demo,DaughterBoard_Demo,Demo_Board,gel,phone_case,force_touch,cut,no,no,Demo ADC,20,0,14,3.49,3,14,3,0,0.01,DB_Socket,B6_11,25
20240416_140702_square_gel_phone_case_force_touch.csv,square,B6CSD,Fixt_Demo,DaughterBoard_Demo,Demo_Board,gel,phone_case,force_touch,cut,no,no,Demo ADC,20,0,14,3.49,3,14,3,0,0.01,DB_Socket,B6_11,25
20240416_140704_square_gel_phone_case_force_touch.csv,square,B6CSD,Fixt_Demo,DaughterBoard_Demo,Demo_Board,gel,phone_case,force_touch,cut,no,no,Demo ADC,20,0,14,3.49,3,14,3,0,0.01,DB_Socket,B6_11,25
20240416_140706_square_gel_phone_case_force_touch.csv,square,B6CSD,Fixt_Demo,DaughterBoard_Demo,Demo_Board,gel,phone_case,force_touch,cut,no,no,Demo ADC,20,0,14,3.49,3,14,3,0,0.01,DB_Socket,B6_11,25
20240416_140709_square_gel_phone_case_force_touch.csv,square,B6CSD,Fixt_Demo,DaughterBoard_Demo,Demo_Board,gel,phone_case,force_touch,cut,no,no,Demo ADC,20,0,14,3.49,3,14,3,0,0.01,DB_Socket,B6_11,25
20240416_140711_square_gel_phone_case_force_touch.csv,square,B6CSD,Fixt_Demo,DaughterBoard_Demo,Demo_Board,gel,phone_case,force_touch,cut,no,no,Demo ADC,20,0,14,3.49,3,14,3,0,0.01,DB_Socket,B6_11,25
20240416_140714_square_gel_phone_case_force_touch.csv,square,B6CSD,Fixt_Demo,DaughterBoard_Demo,Demo_Board,gel,phone_case,force_touch,cut,no,no,Demo ADC,20,0,14,3.49,3,14,3,0,0.01,DB_Socket,B6_11,25
20240416_140716_square_gel_phone_case_force_touch.csv,square,B6CSD,Fixt_Demo,DaughterBoard_Demo,Demo_Board,gel,phone_case,force_touch,cut,no,no,Demo ADC,20,0,14,3.49,3,14,3,0,0.01,DB_Socket,B6_11,25
20240416_140719_square_gel_phone_case_force_touch.csv,square,B6CSD,Fixt_Demo,DaughterBoard_Demo,Demo_Board,gel,phone_case,force_touch,cut,no,no,Demo ADC,20,0,14,3.49,3,14,3,0,0.01,DB_Socket,B6_11,25
20240416_140721_square_gel_phone_case_force_touch.csv,square,B6CSD,Fixt_Demo,DaughterBoard_Demo,Demo_Board,gel,phone_case,force_touch,cut,no,no,Demo ADC,20,0,14,3.49,3,14,3,0,0.01,DB_Socket,B6_11,25
20240416_140724_square_gel_phone_case_force_touch.csv,square,B6CSD,Fixt_Demo,DaughterBoard_Demo,Demo_Board,gel,phone_case,force_touch,cut,no,no,Demo ADC,20,0,14,3.49,3,14,3,0,0.01,DB_Socket,B6_11,25
20240416_140726_square_gel_phone_case_force_touch.csv,square,B6CSD,Fixt_Demo,DaughterBoard_Demo,Demo_Board,gel,phone_case,force_touch,cut,no,no,Demo ADC,20,0,14,3.49,3,14,3,0,0.01,DB_Socket,B6_11,25
20240416_140729_square_gel_phone_case_force_touch.csv,square,B6CSD,Fixt_Demo,DaughterBoard_Demo,Demo_Board,gel,phone_case,force_touch,cut,no,no,Demo ADC,20,0,14,3.49,3,14,3,0,0.01,DB_Socket,B6_11,25
20240416_140731_square_gel_phone_case_force_touch.csv,square,B6CSD,Fixt_Demo,DaughterBoard_Demo,Demo_Board,gel,phone_case,force_touch,cut,no,no,Demo ADC,20,0,14,3.49,3,14,3,0,0.01,DB_Socket,B6_11,25
20240416_140734_square_gel_phone_case_force_touch.csv,square,B6CSD,Fixt_Demo,DaughterBoard_Demo,Demo_Board,gel,phone_case,force_touch,cut,no,no,Demo ADC,20,0,14,3.49,3,14,3,0,0.01,DB_Socket,B6_11,25
20240416_140736_square_gel_phone_case_force_touch.csv,square,B6CSD,Fixt_Demo,DaughterBoard_Demo,Demo_Board,gel,phone_case,force_touch,cut,no,no,Demo ADC,20,0,14,3.49,3,14,3,0,0.01,DB_Socket,B6_11,25
20240416_140739_square_gel_phone_case_force_touch.csv,square,B6CSD,Fixt_Demo,DaughterBoard_Demo,Demo_Board,gel,phone_case,force_touch,cut,no,no,Demo ADC,20,0,14,3.49,3,14,3,0,0.01,DB_Socket,B6_11,25
20240416_140741_square_gel_phone_case_force_touch.csv,square,B6CSD,Fixt_Demo,DaughterBoard_Demo,Demo_Board,gel,phone_case,force_touch,cut,no,no,Demo ADC,20,0,14,3.49,3,14,3,0,0.01,DB_Socket,B6_11,25
20240416_140743_square_gel_phone_case_force_touch.csv,square,B6CSD,Fixt_Demo,DaughterBoard_Demo,Demo_Board,gel,phone_case,force_touch,cut,no,no,Demo ADC,20,0,14,3.49,3,14,3,0,0.01,DB_Socket,B6_11,25
20240416_140746_square_gel_phone_case_force_touch.csv,square,B6CSD,Fixt_Demo,DaughterBoard_Demo,Demo_Board,gel,phone_case,force_touch,cut,no,no,Demo ADC,20,0,14,3.49,3,14,3,0,0.01,DB_Socket,B6_11,25
20240416_140748_square_gel_phone_case_force_touch.csv,square,B6CSD,Fixt_Demo,DaughterBoard_Demo,Demo_Board,gel,phone_case,force_touch,cut,no,no,Demo ADC,20,0,14,3.49,3,14,3,0,0.01,DB_Socket,B6_11,25
20240416_140751_square_gel_phone_case_force_touch.csv,square,B6CSD,Fixt_Demo,DaughterBoard_Demo,Demo_Board,gel,phone_case,force_touch,cut,no,no,Demo ADC,20,0,14,3.49,3,14,3,0,0.01,DB_Socket,B6_11,25
20240416_140753_square_gel_phone_case_force_touch.csv,square,B6CSD,Fixt_Demo,DaughterBoard_Demo,Demo_Board,gel,phone_case,force_touch,cut,no,no,Demo ADC,20,0,14,3.49,3,14,3,0,0.01,DB_Socket,B6_11,25
20240416_140755_square_gel_phone_case_force_touch.csv,square,B6CSD,Fixt_Demo,DaughterBoard_Demo,Demo_Board,gel,phone_case,force_touch,cut,no,no,Demo ADC,20,0,14,3.49,3,14,3,0,0.01,DB_Socket,B6_11,25
20240416_140758_square_gel_phone_case_force_touch.csv,square,B6CSD,Fixt_Demo,DaughterBoard_Demo,Demo_Board,gel,phone_case,force_touch,cut,no,no,Demo ADC,20,0,14,3.49,3,14,3,0,0.01,DB_Socket,B6_11,25
20240416_140800_square_gel_phone_case_force_touch.csv,square,B6CSD,Fixt_Demo,DaughterBoard_Demo,Demo_Board,gel,phone_case,force_touch,cut,no,no,Demo ADC,20,0,14,3.49,3,14,3,0,0.01,DB_Socket,B6_11,25
20240416_140803_square_gel_phone_case_force_touch.csv,square,B6CSD,Fixt_Demo,DaughterBoard_Demo,Demo_Board,gel,phone_case,force_touch,cut,no,no,Demo ADC,20,0,14,3.49,3,14,3,0,0.01,DB_Socket,B6_11,25
20240416_140805_square_gel_phone_case_force_touch.csv,square,B6CSD,Fixt_Demo,DaughterBoard_Demo,Demo_Board,gel,phone_case,force_touch,cut,no,no,Demo ADC,20,0,14,3.49,3,14,3,0,0.01,DB_Socket,B6_11,25
20240416_140807_square_gel_phone_case_force_touch.csv,square,B6CSD,Fixt_Demo,DaughterBoard_Demo,Demo_Board,gel,phone_case,force_touch,cut,no,no,Demo ADC,20,0,14,3.49,3,14,3,0,0.01,DB_Socket,B6_11,25
20240416_140810_square_gel_phone_case_force_touch.csv,square,B6CSD,Fixt_Demo,DaughterBoard_Demo,Demo_Board,gel,phone_case,force_touch,cut,no,no,Demo ADC,20,0,14,3.49,3,14,3,0,0.01,DB_Socket,B6_11,25
20240416_140812_square_gel_phone_case_force_touch.csv,square,B6CSD,Fixt_Demo,DaughterBoard_Demo,Demo_Board,gel,phone_case,force_touch,cut,no,no,Demo ADC,20,0,14,3.49,3,14,3,0,0.01,DB_Socket,B6_11,25
20240416_140815_square_gel_phone_case_force_touch.csv,square,B6CSD,Fixt_Demo,DaughterBoard_Demo,Demo_Board,gel,phone_case,force_touch,cut,no,no,Demo ADC,20,0,14,3.49,3,14,3,0,0.01,DB_Socket,B6_11,25
20240416_140817_square_gel_phone_case_force_touch.csv,square,B6CSD,Fixt_Demo,DaughterBoard_Demo,Demo_Board,gel,phone_case,force_touch,cut,no,no,Demo ADC,20,0,14,3.49,3,14,3,0,0.01,DB_Socket,B6_11,25
20240416_140820_square_gel_phone_case_force_touch.csv,square,B6CSD,Fixt_Demo,DaughterBoard_Demo,Demo_Board,gel,phone_case,force_touch,cut,no,no,Demo ADC,20,0,14,3.49,3,14,3,0,0.01,DB_Socket,B6_11,25
20240416_140822_square_gel_phone_case_force_touch.csv,square,B6CSD,Fixt_Demo,DaughterBoard_Demo,Demo_Board,gel,phone_case,force_touch,cut,no,no,Demo ADC,20,0,14,3.49,3,14,3,0,0.01,DB_Socket,B6_11,25
20240416_140825_square_gel_phone_case_force_touch.csv,square,B6CSD,Fixt_Demo,DaughterBoard_Demo,Demo_Board,gel,phone_case,force_touch,cut,no,no,Demo ADC,20,0,14,3.49,3,14,3,0,0.01,DB_Socket,B6_11,25
20240416_140827_square_gel_phone_case_force_touch.csv,square,B6CSD,Fixt_Demo,DaughterBoard_Demo,Demo_Board,gel,phone_case,force_touch,cut,no,no,Demo ADC,20,0,14,3.49,3,14,3,0,0.01,DB_Socket,B6_11,25
20240416_140830_square_gel_phone_case_force_touch.csv,square,B6CSD,Fixt_Demo,DaughterBoard_Demo,Demo_Board,gel,phone_case,force_touch,cut,no,no,Demo ADC,20,0,14,3.49,3,14,3,0,0.01,DB_Socket,B6_11,25
20240416_140832_square_gel_phone_case_force_touch.csv,square,B6CSD,Fixt_Demo,DaughterBoard_Demo,Demo_Board,gel,phone_case,force_touch,cut,no,no,Demo ADC,20,0,14,3.49,3,14,3,0,0.01,DB_Socket,B6_11,25
20240416_140834_square_gel_phone_case_force_touch.csv,square,B6CSD,Fixt_Demo,DaughterBoard_Demo,Demo_Board,gel,phone_case,force_touch,cut,no,no,Demo ADC,20,0,14,3.49,3,14,3,0,0.01,DB_Socket,B6_11,25
20240416_140836_square_gel_phone_case_force_touch.csv,square,B6CSD,Fixt_Demo,DaughterBoard_Demo,Demo_Board,gel,phone_case,force_touch,cut,no,no,Demo ADC,20,0,14,3.49,3,14,3,0,0.01,DB_Socket,B6_11,25
20240416_140839_square_gel_phone_case_force_touch.csv,square,B6CSD,Fixt_Demo,DaughterBoard_Demo,Demo_Board,gel,phone_case,force_touch,cut,no,no,Demo ADC,20,0,14,3.49,3,14,3,0,0.01,DB_Socket,B6_11,25
20240416_140841_square_gel_phone_case_force_touch.csv,square,B6CSD,Fixt_Demo,DaughterBoard_Demo,Demo_Board,gel,phone_case,force_touch,cut,no,no,Demo ADC,20,0,14,3.49,3,14,3,0,0.01,DB_Socket,B6_11,25
20240416_140844_square_gel_phone_case_force_touch.csv,square,B6CSD,Fixt_Demo,DaughterBoard_Demo,Demo_Board,gel,phone_case,force_touch,cut,no,no,Demo ADC,20,0,14,3.49,3,14,3,0,0.01,DB_Socket,B6_11,25
20240416_140846_square_gel_phone_case_force_touch.csv,square,B6CSD,Fixt_Demo,DaughterBoard_Demo,Demo_Board,gel,phone_case,force_touch,cut,no,no,Demo ADC,20,0,14,3.49,3,14,3,0,0.01,DB_Socket,B6_11,25
20240416_140848_square_gel_phone_case_force_touch.csv,square,B6CSD,Fixt_Demo,DaughterBoard_Demo,Demo_Board,gel,phone_case,force_touch,cut,no,no,Demo ADC,20,0,14,3.49,3,14,3,0,0.01,DB_Socket,B6_11,25
20240416_140851_square_gel_phone_case_force_touch.csv,square,B6CSD,Fixt_Demo,DaughterBoard_Demo,Demo_Board,gel,phone_case,force_touch,cut,no,no,Demo ADC,20,0,14,3.49,3,14,3,0,0.01,DB_Socket,B6_11,25
20240416_140853_square_gel_phone_case_force_touch.csv,square,B6CSD,Fixt_Demo,DaughterBoard_Demo,Demo_Board,gel,phone_case,force_touch,cut,no,no,Demo ADC,20,0,14,3.49,3,14,3,0,0.01,DB_Socket,B6_11,25
20240416_140856_square_gel_phone_case_force_touch.csv,square,B6CSD,Fixt_Demo,DaughterBoard_Demo,Demo_Board,gel,phone_case,force_touch,cut,no,no,Demo ADC,20,0,14,3.49,3,14,3,0,0.01,DB_Socket,B6_11,25
20240416_140858_square_gel_phone_case_force_touch.csv,square,B6CSD,Fixt_Demo,DaughterBoard_Demo,Demo_Board,gel,phone_case,force_touch,cut,no,no,Demo ADC,20,0,14,3.49,3,14,3,0,0.01,DB_Socket,B6_11,25
20240416_140900_square_gel_phone_case_force_touch.csv,square,B6CSD,Fixt_Demo,DaughterBoard_Demo,Demo_Board,gel,phone_case,force_touch,cut,no,no,Demo ADC,20,0,14,3.49,3,14,3,0,0.01,DB_Socket,B6_11,25
20240416_140902_square_gel_phone_case_force_touch.csv,square,B6CSD,Fixt_Demo,DaughterBoard_Demo,Demo_Board,gel,phone_case,force_touch,cut,no,no,Demo ADC,20,0,14,3.49,3,14,3,0,0.01,DB_Socket,B6_11,25
20240416_140905_square_gel_phone_case_force_touch.csv,square,B6CSD,Fixt_Demo,DaughterBoard_Demo,Demo_Board,gel,phone_case,force_touch,cut,no,no,Demo ADC,20,0,14,3.49,3,14,3,0,0.01,DB_Socket,B6_11,25
20240416_140907_square_gel_phone_case_force_touch.csv,square,B6CSD,Fixt_Demo,DaughterBoard_Demo,Demo_Board,gel,phone_case,force_touch,cut,no,no,Demo ADC,20,0,14,3.49,3,14,3,0,0.01,DB_Socket,B6_11,25
20240416_140909_square_gel_phone_case_force_touch.csv,square,B6CSD,Fixt_Demo,DaughterBoard_Demo,Demo_Board,gel,phone_case,force_touch,cut,no,no,Demo ADC,20,0,14,3.49,3,14,3,0,0.01,DB_Socket,B6_11,25
20240416_140911_square_gel_phone_case_force_touch.csv,square,B6CSD,Fixt_Demo,DaughterBoard_Demo,Demo_Board,gel,phone_case,force_touch,cut,no,no,Demo ADC,20,0,14,3.49,3,14,3,0,0.01,DB_Socket,B6_11,25
20240416_140914_square_gel_phone_case_force_touch.csv,square,B6CSD,Fixt_Demo,DaughterBoard_Demo,Demo_Board,gel,phone_case,force_touch,cut,no,no,Demo ADC,20,0,14,3.49,3,14,3,0,0.01,DB_Socket,B6_11,25
20240416_140916_square_gel_phone_case_force_touch.csv,square,B6CSD,Fixt_Demo,DaughterBoard_Demo,Demo_Board,gel,phone_case,force_touch,cut,no,no,Demo ADC,20,0,14,3.49,3,14,3,0,0.01,DB_Socket,B6_11,25
20240416_140918_square_gel_phone_case_force_touch.csv,square,B6CSD,Fixt_Demo,DaughterBoard_Demo,Demo_Board,gel,phone_case,force_touch,cut,no,no,Demo ADC,20,0,14,3.49,3,14,3,0,0.01,DB_Socket,B6_11,25
20240416_140921_square_gel_phone_case_force_touch.csv,square,B6CSD,Fixt_Demo,DaughterBoard_Demo,Demo_Board,gel,phone_case,force_touch,cut,no,no,Demo ADC,20,0,14,3.49,3,14,3,0,0.01,DB_Socket,B6_11,25
20240416_140924_square_gel_phone_case_force_touch.csv,square,B6CSD,Fixt_Demo,DaughterBoard_Demo,Demo_Board,gel,phone_case,force_touch,cut,no,no,Demo ADC,20,0,14,3.49,3,14,3,0,0.01,DB_Socket,B6_11,25
20240416_140926_square_gel_phone_case_force_touch.csv,square,B6CSD,Fixt_Demo,DaughterBoard_Demo,Demo_Board,gel,phone_case,force_touch,cut,no,no,Demo ADC,20,0,14,3.49,3,14,3,0,0.01,DB_Socket,B6_11,25
20240416_140929_square_gel_phone_case_force_touch.csv,square,B6CSD,Fixt_Demo,DaughterBoard_Demo,Demo_Board,gel,phone_case,force_touch,cut,no,no,Demo ADC,20,0,14,3.49,3,14,3,0,0.01,DB_Socket,B6_11,25
20240416_140931_square_gel_phone_case_force_touch.csv,square,B6CSD,Fixt_Demo,DaughterBoard_Demo,Demo_Board,gel,phone_case,force_touch,cut,no,no,Demo ADC,20,0,14,3.49,3,14,3,0,0.01,DB_Socket,B6_11,25
20240416_140934_square_gel_phone_case_force_touch.csv,square,B6CSD,Fixt_Demo,DaughterBoard_Demo,Demo_Board,gel,phone_case,force_touch,cut,no,no,Demo ADC,20,0,14,3.49,3,14,3,0,0.01,DB_Socket,B6_11,25
20240416_140936_square_gel_phone_case_force_touch.csv,square,B6CSD,Fixt_Demo,DaughterBoard_Demo,Demo_Board,gel,phone_case,force_touch,cut,no,no,Demo ADC,20,0,14,3.49,3,14,3,0,0.01,DB_Socket,B6_11,25
20240416_140939_square_gel_phone_case_force_touch.csv,square,B6CSD,Fixt_Demo,DaughterBoard_Demo,Demo_Board,gel,phone_case,force_touch,cut,no,no,Demo ADC,20,0,14,3.49,3,14,3,0,0.01,DB_Socket,B6_11,25
20240416_140941_square_gel_phone_case_force_touch.csv,square,B6CSD,Fixt_Demo,DaughterBoard_Demo,Demo_Board,gel,phone_case,force_touch,cut,no,no,Demo ADC,20,0,14,3.49,3,14,3,0,0.01,DB_Socket,B6_11,25
20240416_140944_square_gel_phone_case_force_touch.csv,square,B6CSD,Fixt_Demo,DaughterBoard_Demo,Demo_Board,gel,phone_case,force_touch,cut,no,no,Demo ADC,20,0,14,3.49,3,14,3,0,0.01,DB_Socket,B6_11,25
20240416_140947_square_gel_phone_case_force_touch.csv,square,B6CSD,Fixt_Demo,DaughterBoard_Demo,Demo_Board,gel,phone_case,force_touch,cut,no,no,Demo ADC,20,0,14,3.49,3,14,3,0,0.01,DB_Socket,B6_11,25
20240416_140949_square_gel_phone_case_force_touch.csv,square,B6CSD,Fixt_Demo,DaughterBoard_Demo,Demo_Board,gel,phone_case,force_touch,cut,no,no,Demo ADC,20,0,14,3.49,3,14,3,0,0.01,DB_Socket,B6_11,25
20240416_140952_square_gel_phone_case_force_touch.csv,square,B6CSD,Fixt_Demo,DaughterBoard_Demo,Demo_Board,gel,phone_case,force_touch,cut,no,no,Demo ADC,20,0,14,3.49,3,14,3,0,0.01,DB_Socket,B6_11,25
20240416_140954_square_gel_phone_case_force_touch.csv,square,B6CSD,Fixt_Demo,DaughterBoard_Demo,Demo_Board,gel,phone_case,force_touch,cut,no,no,Demo ADC,20,0,14,3.49,3,14,3,0,0.01,DB_Socket,B6_11,25
20240416_140957_square_gel_phone_case_force_touch.csv,square,B6CSD,Fixt_Demo,DaughterBoard_Demo,Demo_Board,gel,phone_case,force_touch,cut,no,no,Demo ADC,20,0,14,3.49,3,14,3,0,0.01,DB_Socket,B6_11,25
20240416_141000_square_gel_phone_case_force_touch.csv,square,B6CSD,Fixt_Demo,DaughterBoard_Demo,Demo_Board,gel,phone_case,force_touch,cut,no,no,Demo ADC,20,0,14,3.49,3,14,3,0,0.01,DB_Socket,B6_11,25
20240416_141002_square_gel_phone_case_force_touch.csv,square,B6CSD,Fixt_Demo,DaughterBoard_Demo,Demo_Board,gel,phone_case,force_touch,cut,no,no,Demo ADC,20,0,14,3.49,3,14,3,0,0.01,DB_Socket,B6_11,25
20240416_141005_square_gel_phone_case_force_touch.csv,square,B6CSD,Fixt_Demo,DaughterBoard_Demo,Demo_Board,gel,phone_case,force_touch,cut,no,no,Demo ADC,20,0,14,3.49,3,14,3,0,0.01,DB_Socket,B6_11,25
20240416_141007_square_gel_phone_case_force_touch.csv,square,B6CSD,Fixt_Demo,DaughterBoard_Demo,Demo_Board,gel,phone_case,force_touch,cut,no,no,Demo ADC,20,0,14,3.49,3,14,3,0,0.01,DB_Socket,B6_11,25
20240416_141010_square_gel_phone_case_force_touch.csv,square,B6CSD,Fixt_Demo,DaughterBoard_Demo,Demo_Board,gel,phone_case,force_touch,cut,no,no,Demo ADC,20,0,14,3.49,3,14,3,0,0.01,DB_Socket,B6_11,25
20240416_141013_square_gel_phone_case_force_touch.csv,square,B6CSD,Fixt_Demo,DaughterBoard_Demo,Demo_Board,gel,phone_case,force_touch,cut,no,no,Demo ADC,20,0,14,3.49,3,14,3,0,0.01,DB_Socket,B6_11,25
20240416_141016_square_gel_phone_case_force_touch.csv,square,B6CSD,Fixt_Demo,DaughterBoard_Demo,Demo_Board,gel,phone_case,force_touch,cut,no,no,Demo ADC,20,0,14,3.49,3,14,3,0,0.01,DB_Socket,B6_11,25
20240416_141019_square_gel_phone_case_force_touch.csv,square,B6CSD,Fixt_Demo,DaughterBoard_Demo,Demo_Board,gel,phone_case,force_touch,cut,no,no,Demo ADC,20,0,14,3.49,3,14,3,0,0.01,DB_Socket,B6_11,25
20240416_141022_square_gel_phone_case_force_touch.csv,square,B6CSD,Fixt_Demo,DaughterBoard_Demo,Demo_Board,gel,phone_case,force_touch,cut,no,no,Demo ADC,20,0,14,3.49,3,14,3,0,0.01,DB_Socket,B6_11,25
20240416_141025_square_gel_phone_case_force_touch.csv,square,B6CSD,Fixt_Demo,DaughterBoard_Demo,Demo_Board,gel,phone_case,force_touch,cut,no,no,Demo ADC,20,0,14,3.49,3,14,3,0,0.01,DB_Socket,B6_11,25
20240416_141028_square_gel_phone_case_force_touch.csv,square,B6CSD,Fixt_Demo,DaughterBoard_Demo,Demo_Board,gel,phone_case,force_touch,cut,no,no,Demo ADC,20,0,14,3.49,3,14,3,0,0.01,DB_Socket,B6_11,25
20240416_141031_square_gel_phone_case_force_touch.csv,square,B6CSD,Fixt_Demo,DaughterBoard_Demo,Demo_Board,gel,phone_case,force_touch,cut,no,no,Demo ADC,20,0,14,3.49,3,14,3,0,0.01,DB_Socket,B6_11,25
20240416_141034_square_gel_phone_case_force_touch.csv,square,B6CSD,Fixt_Demo,DaughterBoard_Demo,Demo_Board,gel,phone_case,force_touch,cut,no,no,Demo ADC,20,0,14,3.49,3,14,3,0,0.01,DB_Socket,B6_11,25
20240416_141037_square_gel_phone_case_force_touch.csv,square,B6CSD,Fixt_Demo,DaughterBoard_Demo,Demo_Board,gel,phone_case,force_touch,cut,no,no,Demo ADC,20,0,14,3.49,3,14,3,0,0.01,DB_Socket,B6_11,25
20240416_141041_square_gel_phone_case_force_touch.csv,square,B6CSD,Fixt_Demo,DaughterBoard_Demo,Demo_Board,gel,phone_case,force_touch,cut,no,no,Demo ADC,20,0,14,3.49,3,14,3,0,0.01,DB_Socket,B6_11,25
20240416_141044_square_gel_phone_case_force_touch.csv,square,B6CSD,Fixt_Demo,DaughterBoard_Demo,Demo_Board,gel,phone_case,force_touch,cut,no,no,Demo ADC,20,0,14,3.49,3,14,3,0,0.01,DB_Socket,B6_11,25
20240416_141048_square_gel_phone_case_force_touch.csv,square,B6CSD,Fixt_Demo,DaughterBoard_Demo,Demo_Board,gel,phone_case,force_touch,cut,no,no,Demo ADC,20,0,14,3.49,3,14,3,0,0.01,DB_Socket,B6_11,25
20240416_141051_square_gel_phone_case_force_touch.csv,square,B6CSD,Fixt_Demo,DaughterBoard_Demo,Demo_Board,gel,phone_case,force_touch,cut,no,no,Demo ADC,20,0,14,3.49,3,14,3,0,0.01,DB_Socket,B6_11,25
20240416_141054_square_gel_phone_case_force_touch.csv,square,B6CSD,Fixt_Demo,DaughterBoard_Demo,Demo_Board,gel,phone_case,force_touch,cut,no,no,Demo ADC,20,0,14,3.49,3,14,3,0,0.01,DB_Socket,B6_11,25
20240416_141058_square_gel_phone_case_force_touch.csv,square,B6CSD,Fixt_Demo,DaughterBoard_Demo,Demo_Board,gel,phone_case,force_touch,cut,no,no,Demo ADC,20,0,14,3.49,3,14,3,0,0.01,DB_Socket,B6_11,25
20240416_141101_square_gel_phone_case_force_touch.csv,square,B6CSD,Fixt_Demo,DaughterBoard_Demo,Demo_Board,gel,phone_case,force_touch,cut,no,no,Demo ADC,20,0,14,3.49,3,14,3,0,0.01,DB_Socket,B6_11,25
20240416_141104_square_gel_phone_case_force_touch.csv,square,B6CSD,Fixt_Demo,DaughterBoard_Demo,Demo_Board,gel,phone_case,force_touch,cut,no,no,Demo ADC,20,0,14,3.49,3,14,3,0,0.01,DB_Socket,B6_11,25
20240416_141107_square_gel_phone_case_force_touch.csv,square,B6CSD,Fixt_Demo,DaughterBoard_Demo,Demo_Board,gel,phone_case,force_touch,cut,no,no,Demo ADC,20,0,14,3.49,3,14,3,0,0.01,DB_Socket,B6_11,25
20240416_141111_square_gel_phone_case_force_touch.csv,square,B6CSD,Fixt_Demo,DaughterBoard_Demo,Demo_Board,gel,phone_case,force_touch,cut,no,no,Demo ADC,20,0,14,3.49,3,14,3,0,0.01,DB_Socket,B6_11,25
20240416_141114_square_gel_phone_case_force_touch.csv,square,B6CSD,Fixt_Demo,DaughterBoard_Demo,Demo_Board,gel,phone_case,force_touch,cut,no,no,Demo ADC,20,0,14,3.49,3,14,3,0,0.01,DB_Socket,B6_11,25
20240416_141117_square_gel_phone_case_force_touch.csv,square,B6CSD,Fixt_Demo,DaughterBoard_Demo,Demo_Board,gel,phone_case,force_touch,cut,no,no,Demo ADC,20,0,14,3.49,3,14,3,0,0.01,DB_Socket,B6_11,25
20240416_141120_square_gel_phone_case_force_touch.csv,square,B6CSD,Fixt_Demo,DaughterBoard_Demo,Demo_Board,gel,phone_case,force_touch,cut,no,no,Demo ADC,20,0,14,3.49,3,14,3,0,0.01,DB_Socket,B6_11,25
20240416_141123_square_gel_phone_case_force_touch.csv,square,B6CSD,Fixt_Demo,DaughterBoard_Demo,Demo_Board,gel,phone_case,force_touch,cut,no,no,Demo ADC,20,0,14,3.49,3,14,3,0,0.01,DB_Socket,B6_11,25
20240416_141125_square_gel_phone_case_force_touch.csv,square,B6CSD,Fixt_Demo,DaughterBoard_Demo,Demo_Board,gel,phone_case,force_touch,cut,no,no,Demo ADC,20,0,14,3.49,3,14,3,0,0.01,DB_Socket,B6_11,25
20240416_141128_square_gel_phone_case_force_touch.csv,square,B6CSD,Fixt_Demo,DaughterBoard_Demo,Demo_Board,gel,phone_case,force_touch,cut,no,no,Demo ADC,20,0,14,3.49,3,14,3,0,0.01,DB_Socket,B6_11,25
20240416_141131_square_gel_phone_case_force_touch.csv,square,B6CSD,Fixt_Demo,DaughterBoard_Demo,Demo_Board,gel,phone_case,force_touch,cut,no,no,Demo ADC,20,0,14,3.49,3,14,3,0,0.01,DB_Socket,B6_11,25
20240416_141134_square_gel_phone_case_force_touch.csv,square,B6CSD,Fixt_Demo,DaughterBoard_Demo,Demo_Board,gel,phone_case,force_touch,cut,no,no,Demo ADC,20,0,14,3.49,3,14,3,0,0.01,DB_Socket,B6_11,25
20240416_141136_square_gel_phone_case_force_touch.csv,square,B6CSD,Fixt_Demo,DaughterBoard_Demo,Demo_Board,gel,phone_case,force_touch,cut,no,no,Demo ADC,20,0,14,3.49,3,14,3,0,0.01,DB_Socket,B6_11,25
20240416_141139_square_gel_phone_case_force_touch.csv,square,B6CSD,Fixt_Demo,DaughterBoard_Demo,Demo_Board,gel,phone_case,force_touch,cut,no,no,Demo ADC,20,0,14,3.49,3,14,3,0,0.01,DB_Socket,B6_11,25
20240416_141142_square_gel_phone_case_force_touch.csv,square,B6CSD,Fixt_Demo,DaughterBoard_Demo,Demo_Board,gel,phone_case,force_touch,cut,no,no,Demo ADC,20,0,14,3.49,3,14,3,0,0.01,DB_Socket,B6_11,25
20240416_141144_square_gel_phone_case_force_touch.csv,square,B6CSD,Fixt_Demo,DaughterBoard_Demo,Demo_Board,gel,phone_case,force_touch,cut,no,no,Demo ADC,20,0,14,3.49,3,14,3,0,0.01,DB_Socket,B6_11,25
20240416_141147_square_gel_phone_case_force_touch.csv,square,B6CSD,Fixt_Demo,DaughterBoard_Demo,Demo_Board,gel,phone_case,force_touch,cut,no,no,Demo ADC,20,0,14,3.49,3,14,3,0,0.01,DB_Socket,B6_11,25
20240416_141150_square_gel_phone_case_force_touch.csv,square,B6CSD,Fixt_Demo,DaughterBoard_Demo,Demo_Board,gel,phone_case,force_touch,cut,no,no,Demo ADC,20,0,14,3.49,3,14,3,0,0.01,DB_Socket,B6_11,25
20240416_141152_square_gel_phone_case_force_touch.csv,square,B6CSD,Fixt_Demo,DaughterBoard_Demo,Demo_Board,gel,phone_case,force_touch,cut,no,no,Demo ADC,20,0,14,3.49,3,14,3,0,0.01,DB_Socket,B6_11,25
20240416_141155_square_gel_phone_case_force_touch.csv,square,B6CSD,Fixt_Demo,DaughterBoard_Demo,Demo_Board,gel,phone_case,force_touch,cut,no,no,Demo ADC,20,0,14,3.49,3,14,3,0,0.01,DB_Socket,B6_11,25
20240416_141158_square_gel_phone_case_force_touch.csv,square,B6CSD,Fixt_Demo,DaughterBoard_Demo,Demo_Board,gel,phone_case,force_touch,cut,no,no,Demo ADC,20,0,14,3.49,3,14,3,0,0.01,DB_Socket,B6_11,25
20240416_141200_square_gel_phone_case_force_touch.csv,square,B6CSD,Fixt_Demo,DaughterBoard_Demo,Demo_Board,gel,phone_case,force_touch,cut,no,no,Demo ADC,20,0,14,3.49,3,14,3,0,0.01,DB_Socket,B6_11,25
20240416_141203_square_gel_phone_case_force_touch.csv,square,B6CSD,Fixt_Demo,DaughterBoard_Demo,Demo_Board,gel,phone_case,force_touch,cut,no,no,Demo ADC,20,0,14,3.49,3,14,3,0,0.01,DB_Socket,B6_11,25
20240416_141206_square_gel_phone_case_force_touch.csv,square,B6CSD,Fixt_Demo,DaughterBoard_Demo,Demo_Board,gel,phone_case,force_touch,cut,no,no,Demo ADC,20,0,14,3.49,3,14,3,0,0.01,DB_Socket,B6_11,25
20240416_141209_square_gel_phone_case_force_touch.csv,square,B6CSD,Fixt_Demo,DaughterBoard_Demo,Demo_Board,gel,phone_case,force_touch,cut,no,no,Demo ADC,20,0,14,3.49,3,14,3,0,0.01,DB_Socket,B6_11,25
20240416_141211_square_gel_phone_case_force_touch.csv,square,B6CSD,Fixt_Demo,DaughterBoard_Demo,Demo_Board,gel,phone_case,force_touch,cut,no,no,Demo ADC,20,0,14,3.49,3,14,3,0,0.01,DB_Socket,B6_11,25
20240416_141214_square_gel_phone_case_force_touch.csv,square,B6CSD,Fixt_Demo,DaughterBoard_Demo,Demo_Board,gel,phone_case,force_touch,cut,no,no,Demo ADC,20,0,14,3.49,3,14,3,0,0.01,DB_Socket,B6_11,25
20240416_141217_square_gel_phone_case_force_touch.csv,square,B6CSD,Fixt_Demo,DaughterBoard_Demo,Demo_Board,gel,phone_case,force_touch,cut,no,no,Demo ADC,20,0,14,3.49,3,14,3,0,0.01,DB_Socket,B6_11,25
20240416_141220_square_gel_phone_case_force_touch.csv,square,B6CSD,Fixt_Demo,DaughterBoard_Demo,Demo_Board,gel,phone_case,force_touch,cut,no,no,Demo ADC,20,0,14,3.49,3,14,3,0,0.01,DB_Socket,B6_11,25
20240416_141222_square_gel_phone_case_force_touch.csv,square,B6CSD,Fixt_Demo,DaughterBoard_Demo,Demo_Board,gel,phone_case,force_touch,cut,no,no,Demo ADC,20,0,14,3.49,3,14,3,0,0.01,DB_Socket,B6_11,25
20240416_141225_square_gel_phone_case_force_touch.csv,square,B6CSD,Fixt_Demo,DaughterBoard_Demo,Demo_Board,gel,phone_case,force_touch,cut,no,no,Demo ADC,20,0,14,3.49,3,14,3,0,0.01,DB_Socket,B6_11,25
20240416_141227_square_gel_phone_case_force_touch.csv,square,B6CSD,Fixt_Demo,DaughterBoard_Demo,Demo_Board,gel,phone_case,force_touch,cut,no,no,Demo ADC,20,0,14,3.49,3,14,3,0,0.01,DB_Socket,B6_11,25
20240416_141230_square_gel_phone_case_force_touch.csv,square,B6CSD,Fixt_Demo,DaughterBoard_Demo,Demo_Board,gel,phone_case,force_touch,cut,no,no,Demo ADC,20,0,14,3.49,3,14,3,0,0.01,DB_Socket,B6_11,25
20240416_141233_square_gel_phone_case_force_touch.csv,square,B6CSD,Fixt_Demo,DaughterBoard_Demo,Demo_Board,gel,phone_case,force_touch,cut,no,no,Demo ADC,20,0,14,3.49,3,14,3,0,0.01,DB_Socket,B6_11,25
20240416_141235_square_gel_phone_case_force_touch.csv,square,B6CSD,Fixt_Demo,DaughterBoard_Demo,Demo_Board,gel,phone_case,force_touch,cut,no,no,Demo ADC,20,0,14,3.49,3,14,3,0,0.01,DB_Socket,B6_11,25
